mov_tesoreria_id,cuenta_financiera_id,movement_date,movement_type,source_table,source_id,amount
TES_00001,BANK_0002,2023-11-27,PAGO_PROVEEDOR,fin_pagos,PAG_00001,-16535.5
TES_00002,BANK_0002,2023-12-29,PAGO_PROVEEDOR,fin_pagos,PAG_00002,-6685.04
TES_00003,BANK_0002,2024-01-29,PAGO_PROVEEDOR,fin_pagos,PAG_00003,-3034.56
TES_00004,BANK_0002,2024-02-17,PAGO_PROVEEDOR,fin_pagos,PAG_00004,-830.86
TES_00005,BANK_0002,2023-12-24,PAGO_PROVEEDOR,fin_pagos,PAG_00005,-3841.88
TES_00006,BANK_0002,2024-07-14,PAGO_PROVEEDOR,fin_pagos,PAG_00006,-26101.04
TES_00007,BANK_0002,2023-09-02,PAGO_PROVEEDOR,fin_pagos,PAG_00007,-20727.97
TES_00008,BANK_0002,2023-09-11,PAGO_PROVEEDOR,fin_pagos,PAG_00008,-14832.69
TES_00009,BANK_0002,2023-10-16,PAGO_PROVEEDOR,fin_pagos,PAG_00009,-2807.49
TES_00010,BANK_0002,2024-08-08,PAGO_PROVEEDOR,fin_pagos,PAG_00010,-5715.01
TES_00011,BANK_0002,2023-12-11,PAGO_PROVEEDOR,fin_pagos,PAG_00011,-11558.05
TES_00012,BANK_0002,2023-12-31,PAGO_PROVEEDOR,fin_pagos,PAG_00012,-4858.84
TES_00013,BANK_0002,2024-02-17,PAGO_PROVEEDOR,fin_pagos,PAG_00013,-2219.81
TES_00014,BANK_0002,2024-02-07,PAGO_PROVEEDOR,fin_pagos,PAG_00014,-656.0
TES_00015,BANK_0002,2024-01-01,PAGO_PROVEEDOR,fin_pagos,PAG_00015,-2635.97
TES_00016,BANK_0002,2023-11-29,PAGO_PROVEEDOR,fin_pagos,PAG_00016,-16400.1
TES_00017,BANK_0002,2024-01-08,PAGO_PROVEEDOR,fin_pagos,PAG_00017,-8481.28
TES_00018,BANK_0002,2024-02-14,PAGO_PROVEEDOR,fin_pagos,PAG_00018,-3359.2
TES_00019,BANK_0002,2024-01-30,PAGO_PROVEEDOR,fin_pagos,PAG_00019,-980.9
TES_00020,BANK_0002,2023-12-13,PAGO_PROVEEDOR,fin_pagos,PAG_00020,-5304.36
TES_00021,BANK_0002,2023-10-07,PAGO_PROVEEDOR,fin_pagos,PAG_00021,-14114.47
TES_00022,BANK_0002,2023-12-01,PAGO_PROVEEDOR,fin_pagos,PAG_00022,-15999.84
TES_00023,BANK_0002,2023-12-14,PAGO_PROVEEDOR,fin_pagos,PAG_00023,-8530.21
TES_00024,BANK_0002,2024-01-09,PAGO_PROVEEDOR,fin_pagos,PAG_00024,-1849.69
TES_00025,BANK_0002,2024-01-16,PAGO_PROVEEDOR,fin_pagos,PAG_00025,-872.66
TES_00026,BANK_0002,2023-11-02,PAGO_PROVEEDOR,fin_pagos,PAG_00026,-3586.11
TES_00027,BANK_0002,2024-07-14,PAGO_PROVEEDOR,fin_pagos,PAG_00027,-19527.56
TES_00028,BANK_0002,2023-09-20,PAGO_PROVEEDOR,fin_pagos,PAG_00028,-15136.09
TES_00029,BANK_0002,2023-09-12,PAGO_PROVEEDOR,fin_pagos,PAG_00029,-10884.66
TES_00030,BANK_0002,2023-10-22,PAGO_PROVEEDOR,fin_pagos,PAG_00030,-1789.93
TES_00031,BANK_0002,2024-07-19,PAGO_PROVEEDOR,fin_pagos,PAG_00031,-3994.98
TES_00032,BANK_0002,2023-12-12,PAGO_PROVEEDOR,fin_pagos,PAG_00032,-23306.48
TES_00033,BANK_0002,2024-01-11,PAGO_PROVEEDOR,fin_pagos,PAG_00033,-10604.27
TES_00034,BANK_0002,2024-02-08,PAGO_PROVEEDOR,fin_pagos,PAG_00034,-4564.23
TES_00035,BANK_0002,2024-02-14,PAGO_PROVEEDOR,fin_pagos,PAG_00035,-1234.42
TES_00036,BANK_0002,2024-01-07,PAGO_PROVEEDOR,fin_pagos,PAG_00036,-7393.22
TES_00037,BANK_0002,2023-12-21,PAGO_PROVEEDOR,fin_pagos,PAG_00037,-14156.14
TES_00038,BANK_0002,2023-12-30,PAGO_PROVEEDOR,fin_pagos,PAG_00038,-7187.41
TES_00039,BANK_0002,2024-02-22,PAGO_PROVEEDOR,fin_pagos,PAG_00039,-2838.33
TES_00040,BANK_0002,2024-02-15,PAGO_PROVEEDOR,fin_pagos,PAG_00040,-941.98
TES_00041,BANK_0002,2023-12-22,PAGO_PROVEEDOR,fin_pagos,PAG_00041,-4212.57
TES_00042,BANK_0002,2023-10-16,PAGO_PROVEEDOR,fin_pagos,PAG_00042,-23241.8
TES_00043,BANK_0002,2023-12-05,PAGO_PROVEEDOR,fin_pagos,PAG_00043,-24447.48
TES_00044,BANK_0002,2023-11-30,PAGO_PROVEEDOR,fin_pagos,PAG_00044,-12711.78
TES_00045,BANK_0002,2023-12-28,PAGO_PROVEEDOR,fin_pagos,PAG_00045,-3027.15
TES_00046,BANK_0002,2024-01-11,PAGO_PROVEEDOR,fin_pagos,PAG_00046,-1421.22
TES_00047,BANK_0002,2023-10-31,PAGO_PROVEEDOR,fin_pagos,PAG_00047,-5242.29
TES_00048,BANK_0002,2023-12-05,PAGO_PROVEEDOR,fin_pagos,PAG_00048,-15678.59
TES_00049,BANK_0002,2024-01-19,PAGO_PROVEEDOR,fin_pagos,PAG_00049,-6127.02
TES_00050,BANK_0002,2024-02-09,PAGO_PROVEEDOR,fin_pagos,PAG_00050,-2845.96
TES_00051,BANK_0002,2024-01-31,PAGO_PROVEEDOR,fin_pagos,PAG_00051,-906.89
TES_00052,BANK_0002,2023-12-23,PAGO_PROVEEDOR,fin_pagos,PAG_00052,-4148.45
TES_00053,BANK_0002,2023-12-11,PAGO_PROVEEDOR,fin_pagos,PAG_00053,-11554.92
TES_00054,BANK_0002,2023-12-30,PAGO_PROVEEDOR,fin_pagos,PAG_00054,-6003.44
TES_00055,BANK_0002,2024-02-15,PAGO_PROVEEDOR,fin_pagos,PAG_00055,-2125.93
TES_00056,BANK_0002,2024-01-30,PAGO_PROVEEDOR,fin_pagos,PAG_00056,-667.44
TES_00057,BANK_0002,2024-01-08,PAGO_PROVEEDOR,fin_pagos,PAG_00057,-2681.88
TES_00058,BANK_0002,2023-11-29,PAGO_PROVEEDOR,fin_pagos,PAG_00058,-14487.57
TES_00059,BANK_0002,2023-12-24,PAGO_PROVEEDOR,fin_pagos,PAG_00059,-7763.6
TES_00060,BANK_0002,2024-02-24,PAGO_PROVEEDOR,fin_pagos,PAG_00060,-2596.42
TES_00061,BANK_0002,2024-02-11,PAGO_PROVEEDOR,fin_pagos,PAG_00061,-919.82
TES_00062,BANK_0002,2023-12-18,PAGO_PROVEEDOR,fin_pagos,PAG_00062,-3841.21
TES_00063,BANK_0002,2024-12-17,PAGO_PROVEEDOR,fin_pagos,PAG_00063,-16448.66
TES_00064,BANK_0002,2025-02-05,PAGO_PROVEEDOR,fin_pagos,PAG_00064,-6923.79
TES_00065,BANK_0002,2025-02-04,PAGO_PROVEEDOR,fin_pagos,PAG_00065,-2863.78
TES_00066,BANK_0002,2025-02-09,PAGO_PROVEEDOR,fin_pagos,PAG_00066,-847.87
TES_00067,BANK_0002,2024-12-29,PAGO_PROVEEDOR,fin_pagos,PAG_00067,-3759.76
TES_00068,BANK_0002,2024-09-26,PAGO_PROVEEDOR,fin_pagos,PAG_00068,-28901.72
TES_00069,BANK_0002,2024-12-10,PAGO_PROVEEDOR,fin_pagos,PAG_00069,-30037.37
TES_00070,BANK_0002,2024-11-27,PAGO_PROVEEDOR,fin_pagos,PAG_00070,-14659.69
TES_00071,BANK_0002,2025-01-18,PAGO_PROVEEDOR,fin_pagos,PAG_00071,-3487.32
TES_00072,BANK_0002,2025-01-17,PAGO_PROVEEDOR,fin_pagos,PAG_00072,-1588.58
TES_00073,BANK_0002,2024-10-27,PAGO_PROVEEDOR,fin_pagos,PAG_00073,-4767.94
TES_00074,BANK_0002,2024-10-07,PAGO_PROVEEDOR,fin_pagos,PAG_00074,-12402.3
TES_00075,BANK_0002,2024-12-30,PAGO_PROVEEDOR,fin_pagos,PAG_00075,-14359.76
TES_00076,BANK_0002,2024-12-08,PAGO_PROVEEDOR,fin_pagos,PAG_00076,-8357.73
TES_00077,BANK_0002,2025-01-18,PAGO_PROVEEDOR,fin_pagos,PAG_00077,-1759.42
TES_00078,BANK_0002,2025-01-26,PAGO_PROVEEDOR,fin_pagos,PAG_00078,-824.87
TES_00079,BANK_0002,2024-10-16,PAGO_PROVEEDOR,fin_pagos,PAG_00079,-2775.13
TES_00080,BANK_0002,2025-08-11,PAGO_PROVEEDOR,fin_pagos,PAG_00080,-14319.27
TES_00081,BANK_0002,2024-09-05,PAGO_PROVEEDOR,fin_pagos,PAG_00081,-15870.23
TES_00082,BANK_0002,2024-09-08,PAGO_PROVEEDOR,fin_pagos,PAG_00082,-8893.71
TES_00083,BANK_0002,2024-10-07,PAGO_PROVEEDOR,fin_pagos,PAG_00083,-1887.52
TES_00084,BANK_0002,2025-08-13,PAGO_PROVEEDOR,fin_pagos,PAG_00084,-2436.45
TES_00085,BANK_0002,2024-10-08,PAGO_PROVEEDOR,fin_pagos,PAG_00085,-13880.95
TES_00086,BANK_0002,2024-11-29,PAGO_PROVEEDOR,fin_pagos,PAG_00086,-15959.17
TES_00087,BANK_0002,2024-12-01,PAGO_PROVEEDOR,fin_pagos,PAG_00087,-10327.0
TES_00088,BANK_0002,2025-02-07,PAGO_PROVEEDOR,fin_pagos,PAG_00088,-1768.38
TES_00089,BANK_0002,2025-01-01,PAGO_PROVEEDOR,fin_pagos,PAG_00089,-861.56
TES_00090,BANK_0002,2024-10-28,PAGO_PROVEEDOR,fin_pagos,PAG_00090,-3144.78
TES_00091,BANK_0002,2024-10-07,PAGO_PROVEEDOR,fin_pagos,PAG_00091,-23331.06
TES_00092,BANK_0002,2024-12-04,PAGO_PROVEEDOR,fin_pagos,PAG_00092,-23465.59
TES_00093,BANK_0002,2025-01-16,PAGO_PROVEEDOR,fin_pagos,PAG_00093,-13150.24
TES_00094,BANK_0002,2025-01-04,PAGO_PROVEEDOR,fin_pagos,PAG_00094,-2931.48
TES_00095,BANK_0002,2025-01-21,PAGO_PROVEEDOR,fin_pagos,PAG_00095,-1365.27
TES_00096,BANK_0002,2024-11-01,PAGO_PROVEEDOR,fin_pagos,PAG_00096,-5219.96
TES_00097,BANK_0002,2024-12-01,PAGO_PROVEEDOR,fin_pagos,PAG_00097,-18832.32
TES_00098,BANK_0002,2025-02-14,PAGO_PROVEEDOR,fin_pagos,PAG_00098,-11060.48
TES_00099,BANK_0002,2025-02-17,PAGO_PROVEEDOR,fin_pagos,PAG_00099,-4269.09
TES_00100,BANK_0002,2025-03-06,PAGO_PROVEEDOR,fin_pagos,PAG_00100,-1271.0
TES_00101,BANK_0002,2024-12-11,PAGO_PROVEEDOR,fin_pagos,PAG_00101,-7548.52
TES_00102,BANK_0002,2024-12-13,PAGO_PROVEEDOR,fin_pagos,PAG_00102,-15146.47
TES_00103,BANK_0002,2025-01-25,PAGO_PROVEEDOR,fin_pagos,PAG_00103,-7152.84
TES_00104,BANK_0002,2025-02-19,PAGO_PROVEEDOR,fin_pagos,PAG_00104,-3268.97
TES_00105,BANK_0002,2025-02-20,PAGO_PROVEEDOR,fin_pagos,PAG_00105,-850.7
TES_00106,BANK_0002,2025-01-03,PAGO_PROVEEDOR,fin_pagos,PAG_00106,-4526.61
TES_00107,BANK_0002,2025-08-07,PAGO_PROVEEDOR,fin_pagos,PAG_00107,-18970.46
TES_00108,BANK_0002,2024-09-14,PAGO_PROVEEDOR,fin_pagos,PAG_00108,-17719.78
TES_00109,BANK_0002,2024-09-10,PAGO_PROVEEDOR,fin_pagos,PAG_00109,-10857.57
TES_00110,BANK_0002,2024-10-05,PAGO_PROVEEDOR,fin_pagos,PAG_00110,-1599.38
TES_00111,BANK_0002,2025-08-15,PAGO_PROVEEDOR,fin_pagos,PAG_00111,-3776.35
TES_00112,BANK_0002,2024-10-04,PAGO_PROVEEDOR,fin_pagos,PAG_00112,-17112.58
TES_00113,BANK_0002,2024-12-11,PAGO_PROVEEDOR,fin_pagos,PAG_00113,-15834.63
TES_00114,BANK_0002,2024-12-09,PAGO_PROVEEDOR,fin_pagos,PAG_00114,-10777.37
TES_00115,BANK_0002,2025-01-19,PAGO_PROVEEDOR,fin_pagos,PAG_00115,-1736.83
TES_00116,BANK_0002,2025-02-11,PAGO_PROVEEDOR,fin_pagos,PAG_00116,-1017.27
TES_00117,BANK_0002,2024-11-04,PAGO_PROVEEDOR,fin_pagos,PAG_00117,-3149.18
TES_00118,BANK_0002,2024-12-12,PAGO_PROVEEDOR,fin_pagos,PAG_00118,-11752.67
TES_00119,BANK_0002,2025-01-28,PAGO_PROVEEDOR,fin_pagos,PAG_00119,-5348.99
TES_00120,BANK_0002,2025-02-26,PAGO_PROVEEDOR,fin_pagos,PAG_00120,-2003.88
TES_00121,BANK_0002,2025-03-10,PAGO_PROVEEDOR,fin_pagos,PAG_00121,-676.21
TES_00122,BANK_0002,2024-12-19,PAGO_PROVEEDOR,fin_pagos,PAG_00122,-2880.93
TES_00123,BANK_0002,2024-10-18,PAGO_PROVEEDOR,fin_pagos,PAG_00123,-15026.97
TES_00124,BANK_0002,2024-12-13,PAGO_PROVEEDOR,fin_pagos,PAG_00124,-17901.22
TES_00125,BANK_0002,2025-01-07,PAGO_PROVEEDOR,fin_pagos,PAG_00125,-10785.19
TES_00126,BANK_0002,2025-01-21,PAGO_PROVEEDOR,fin_pagos,PAG_00126,-1824.13
TES_00127,BANK_0002,2025-01-17,PAGO_PROVEEDOR,fin_pagos,PAG_00127,-1084.78
TES_00128,BANK_0002,2024-10-22,PAGO_PROVEEDOR,fin_pagos,PAG_00128,-3481.19
TES_00129,BANK_0002,2023-09-17,PAGO_PROVEEDOR,fin_pagos,PAG_00129,-1831.0
TES_00130,BANK_0002,2023-10-02,PAGO_PROVEEDOR,fin_pagos,PAG_00130,-2286.33
TES_00131,BANK_0002,2023-10-02,PAGO_PROVEEDOR,fin_pagos,PAG_00131,-3137.87
TES_00132,BANK_0002,2024-10-06,PAGO_PROVEEDOR,fin_pagos,PAG_00132,-1746.62
TES_00133,BANK_0002,2024-09-11,PAGO_PROVEEDOR,fin_pagos,PAG_00133,-2177.76
TES_00134,BANK_0002,2024-09-20,PAGO_PROVEEDOR,fin_pagos,PAG_00134,-3669.85
TES_00135,BANK_0002,2025-09-30,PAGO_PROVEEDOR,fin_pagos,PAG_00135,-5323.57
TES_00136,BANK_0002,2025-09-08,PAGO_PROVEEDOR,fin_pagos,PAG_00136,-1118.27
TES_00137,BANK_0002,2025-11-13,PAGO_PROVEEDOR,fin_pagos,PAG_00137,-4558.07
TES_00138,BANK_0002,2025-10-22,PAGO_PROVEEDOR,fin_pagos,PAG_00138,-7282.26
TES_00139,BANK_0002,2025-10-31,PAGO_PROVEEDOR,fin_pagos,PAG_00139,-301.31
TES_00140,BANK_0002,2025-11-03,PAGO_PROVEEDOR,fin_pagos,PAG_00140,-922.43
TES_00141,BANK_0002,2025-12-17,PAGO_PROVEEDOR,fin_pagos,PAG_00141,-4415.58
TES_00142,BANK_0002,2025-11-25,PAGO_PROVEEDOR,fin_pagos,PAG_00142,-677.07
TES_00143,BANK_0002,2025-12-29,PAGO_PROVEEDOR,fin_pagos,PAG_00143,-3812.23
TES_00144,BANK_0002,2025-12-08,PAGO_PROVEEDOR,fin_pagos,PAG_00144,-4203.44
TES_00145,BANK_0002,2025-12-10,PAGO_PROVEEDOR,fin_pagos,PAG_00145,-565.01
TES_00146,BANK_0002,2025-12-11,PAGO_PROVEEDOR,fin_pagos,PAG_00146,-625.45
TES_00147,BANK_0002,2026-02-16,PAGO_PROVEEDOR,fin_pagos,PAG_00147,-8401.47
TES_00148,BANK_0002,2026-01-21,PAGO_PROVEEDOR,fin_pagos,PAG_00148,-3914.94
TES_00149,BANK_0003,2024-09-09,COBRANZA_CLIENTE,fin_cobranzas,COB_00001,131136.51
TES_00150,BANK_0003,2024-03-16,COBRANZA_CLIENTE,fin_cobranzas,COB_00002,62147.84
TES_00151,BANK_0003,2024-05-06,COBRANZA_CLIENTE,fin_cobranzas,COB_00003,80903.72
TES_00152,BANK_0003,2024-07-10,COBRANZA_CLIENTE,fin_cobranzas,COB_00004,86158.84
TES_00153,BANK_0003,2024-10-28,COBRANZA_CLIENTE,fin_cobranzas,COB_00005,110117.02
TES_00154,BANK_0003,2024-10-04,COBRANZA_CLIENTE,fin_cobranzas,COB_00006,155870.66
TES_00155,BANK_0003,2024-07-16,COBRANZA_CLIENTE,fin_cobranzas,COB_00007,48729.8
TES_00156,BANK_0003,2024-08-11,COBRANZA_CLIENTE,fin_cobranzas,COB_00008,43331.66
TES_00157,BANK_0003,2024-11-09,COBRANZA_CLIENTE,fin_cobranzas,COB_00009,65307.22
TES_00158,BANK_0003,2024-03-07,COBRANZA_CLIENTE,fin_cobranzas,COB_00010,53754.47
TES_00159,BANK_0003,2024-07-09,COBRANZA_CLIENTE,fin_cobranzas,COB_00011,90140.49
TES_00160,BANK_0003,2024-08-25,COBRANZA_CLIENTE,fin_cobranzas,COB_00012,240866.35
TES_00161,BANK_0003,2024-11-14,COBRANZA_CLIENTE,fin_cobranzas,COB_00013,112275.59
TES_00162,BANK_0003,2024-07-15,COBRANZA_CLIENTE,fin_cobranzas,COB_00014,78289.04
TES_00163,BANK_0003,2024-08-05,COBRANZA_CLIENTE,fin_cobranzas,COB_00015,105664.07
TES_00164,BANK_0003,2024-10-23,COBRANZA_CLIENTE,fin_cobranzas,COB_00016,106073.14
TES_00165,BANK_0003,2024-07-23,COBRANZA_CLIENTE,fin_cobranzas,COB_00017,138262.42
TES_00166,BANK_0003,2024-09-03,COBRANZA_CLIENTE,fin_cobranzas,COB_00018,35024.48
TES_00167,BANK_0003,2024-10-28,COBRANZA_CLIENTE,fin_cobranzas,COB_00019,66896.86
TES_00168,BANK_0003,2024-07-13,COBRANZA_CLIENTE,fin_cobranzas,COB_00020,34207.41
TES_00169,BANK_0003,2024-10-04,COBRANZA_CLIENTE,fin_cobranzas,COB_00021,41196.99
TES_00170,BANK_0003,2024-10-23,COBRANZA_CLIENTE,fin_cobranzas,COB_00022,44484.4
TES_00171,BANK_0003,2025-09-08,COBRANZA_CLIENTE,fin_cobranzas,COB_00023,84587.68
TES_00172,BANK_0003,2025-07-30,COBRANZA_CLIENTE,fin_cobranzas,COB_00024,142655.82
TES_00173,BANK_0003,2025-08-17,COBRANZA_CLIENTE,fin_cobranzas,COB_00025,117228.65
TES_00174,BANK_0003,2025-11-13,COBRANZA_CLIENTE,fin_cobranzas,COB_00026,81136.23
TES_00175,BANK_0003,2025-08-06,COBRANZA_CLIENTE,fin_cobranzas,COB_00027,55613.43
TES_00176,BANK_0003,2025-11-13,COBRANZA_CLIENTE,fin_cobranzas,COB_00028,106408.61
TES_00177,BANK_0003,2025-05-01,COBRANZA_CLIENTE,fin_cobranzas,COB_00029,156710.77
TES_00178,BANK_0003,2025-08-15,COBRANZA_CLIENTE,fin_cobranzas,COB_00030,69556.42
TES_00179,BANK_0003,2025-08-21,COBRANZA_CLIENTE,fin_cobranzas,COB_00031,40962.71
TES_00180,BANK_0003,2025-11-30,COBRANZA_CLIENTE,fin_cobranzas,COB_00032,51557.79
TES_00181,BANK_0003,2025-06-17,COBRANZA_CLIENTE,fin_cobranzas,COB_00033,135608.02
TES_00182,BANK_0003,2025-09-20,COBRANZA_CLIENTE,fin_cobranzas,COB_00034,147274.27
TES_00183,BANK_0003,2025-08-27,COBRANZA_CLIENTE,fin_cobranzas,COB_00035,67095.94
TES_00184,BANK_0003,2025-12-27,COBRANZA_CLIENTE,fin_cobranzas,COB_00036,86985.78
TES_00185,BANK_0003,2025-09-05,COBRANZA_CLIENTE,fin_cobranzas,COB_00037,37644.91
TES_00186,BANK_0003,2026-01-05,COBRANZA_CLIENTE,fin_cobranzas,COB_00038,74046.77
TES_00187,BANK_0003,2025-04-12,COBRANZA_CLIENTE,fin_cobranzas,COB_00039,152993.63
TES_00188,BANK_0003,2025-07-30,COBRANZA_CLIENTE,fin_cobranzas,COB_00040,63552.62
TES_00189,BANK_0003,2025-09-28,COBRANZA_CLIENTE,fin_cobranzas,COB_00041,81183.12
TES_00190,BANK_0003,2025-10-29,COBRANZA_CLIENTE,fin_cobranzas,COB_00042,59392.28
TES_00191,BANK_0003,2025-09-05,COBRANZA_CLIENTE,fin_cobranzas,COB_00043,75098.49
TES_00192,BANK_0003,2025-07-23,COBRANZA_CLIENTE,fin_cobranzas,COB_00044,83714.9
TES_00193,BANK_0003,2025-09-20,COBRANZA_CLIENTE,fin_cobranzas,COB_00045,74009.93
TES_00194,BANK_0003,2025-11-14,COBRANZA_CLIENTE,fin_cobranzas,COB_00046,30034.57
TES_00195,BANK_0002,2024-07-09,PAGO_LOGISTICA,log_viajes,VIA_00001,-273.82
TES_00196,BANK_0002,2024-07-03,PAGO_LOGISTICA,log_viajes,VIA_00002,-349.01
TES_00197,BANK_0002,2024-06-28,PAGO_LOGISTICA,log_viajes,VIA_00003,-358.18
TES_00198,BANK_0002,2024-07-01,PAGO_LOGISTICA,log_viajes,VIA_00004,-237.77
TES_00199,BANK_0002,2024-07-03,PAGO_LOGISTICA,log_viajes,VIA_00005,-381.22
TES_00200,BANK_0002,2024-07-11,PAGO_LOGISTICA,log_viajes,VIA_00006,-267.29
TES_00201,BANK_0002,2024-06-29,PAGO_LOGISTICA,log_viajes,VIA_00007,-354.53
TES_00202,BANK_0002,2024-07-01,PAGO_LOGISTICA,log_viajes,VIA_00008,-294.43
TES_00203,BANK_0002,2024-07-07,PAGO_LOGISTICA,log_viajes,VIA_00009,-291.0
TES_00204,BANK_0002,2024-06-30,PAGO_LOGISTICA,log_viajes,VIA_00010,-265.48
TES_00205,BANK_0002,2024-07-11,PAGO_LOGISTICA,log_viajes,VIA_00011,-306.63
TES_00206,BANK_0002,2024-07-12,PAGO_LOGISTICA,log_viajes,VIA_00012,-330.23
TES_00207,BANK_0002,2024-07-03,PAGO_LOGISTICA,log_viajes,VIA_00013,-379.61
TES_00208,BANK_0002,2024-02-26,PAGO_LOGISTICA,log_viajes,VIA_00014,-392.08
TES_00209,BANK_0002,2024-02-26,PAGO_LOGISTICA,log_viajes,VIA_00015,-362.44
TES_00210,BANK_0002,2024-02-25,PAGO_LOGISTICA,log_viajes,VIA_00016,-265.63
TES_00211,BANK_0002,2024-02-17,PAGO_LOGISTICA,log_viajes,VIA_00017,-281.37
TES_00212,BANK_0002,2024-02-14,PAGO_LOGISTICA,log_viajes,VIA_00018,-321.7
TES_00213,BANK_0002,2024-02-19,PAGO_LOGISTICA,log_viajes,VIA_00019,-372.59
TES_00214,BANK_0002,2024-02-17,PAGO_LOGISTICA,log_viajes,VIA_00020,-373.61
TES_00215,BANK_0002,2024-02-18,PAGO_LOGISTICA,log_viajes,VIA_00021,-292.64
TES_00216,BANK_0002,2024-03-25,PAGO_LOGISTICA,log_viajes,VIA_00022,-286.78
TES_00217,BANK_0002,2024-03-24,PAGO_LOGISTICA,log_viajes,VIA_00023,-349.34
TES_00218,BANK_0002,2024-03-17,PAGO_LOGISTICA,log_viajes,VIA_00024,-235.16
TES_00219,BANK_0002,2024-03-14,PAGO_LOGISTICA,log_viajes,VIA_00025,-320.16
TES_00220,BANK_0002,2024-03-18,PAGO_LOGISTICA,log_viajes,VIA_00026,-259.9
TES_00221,BANK_0002,2024-03-22,PAGO_LOGISTICA,log_viajes,VIA_00027,-349.95
TES_00222,BANK_0002,2024-03-28,PAGO_LOGISTICA,log_viajes,VIA_00028,-262.25
TES_00223,BANK_0002,2024-03-20,PAGO_LOGISTICA,log_viajes,VIA_00029,-352.26
TES_00224,BANK_0002,2024-03-18,PAGO_LOGISTICA,log_viajes,VIA_00030,-317.3
TES_00225,BANK_0002,2024-03-24,PAGO_LOGISTICA,log_viajes,VIA_00031,-248.27
TES_00226,BANK_0002,2024-03-16,PAGO_LOGISTICA,log_viajes,VIA_00032,-362.26
TES_00227,BANK_0002,2024-08-18,PAGO_LOGISTICA,log_viajes,VIA_00045,-300.38
TES_00228,BANK_0002,2024-08-15,PAGO_LOGISTICA,log_viajes,VIA_00046,-246.27
TES_00229,BANK_0002,2024-08-22,PAGO_LOGISTICA,log_viajes,VIA_00047,-357.54
TES_00230,BANK_0002,2024-08-21,PAGO_LOGISTICA,log_viajes,VIA_00048,-345.05
TES_00231,BANK_0002,2024-08-23,PAGO_LOGISTICA,log_viajes,VIA_00049,-372.41
TES_00232,BANK_0002,2024-08-25,PAGO_LOGISTICA,log_viajes,VIA_00050,-275.81
TES_00233,BANK_0002,2024-08-21,PAGO_LOGISTICA,log_viajes,VIA_00051,-280.87
TES_00234,BANK_0002,2024-08-29,PAGO_LOGISTICA,log_viajes,VIA_00052,-326.65
TES_00235,BANK_0002,2024-08-30,PAGO_LOGISTICA,log_viajes,VIA_00053,-236.4
TES_00236,BANK_0002,2024-08-15,PAGO_LOGISTICA,log_viajes,VIA_00054,-334.25
TES_00237,BANK_0002,2024-08-30,PAGO_LOGISTICA,log_viajes,VIA_00055,-303.46
TES_00238,BANK_0002,2024-08-16,PAGO_LOGISTICA,log_viajes,VIA_00056,-379.31
TES_00239,BANK_0002,2024-08-16,PAGO_LOGISTICA,log_viajes,VIA_00057,-308.24
TES_00240,BANK_0002,2024-08-21,PAGO_LOGISTICA,log_viajes,VIA_00058,-255.85
TES_00241,BANK_0002,2024-08-13,PAGO_LOGISTICA,log_viajes,VIA_00059,-287.19
TES_00242,BANK_0002,2024-08-19,PAGO_LOGISTICA,log_viajes,VIA_00060,-361.26
TES_00243,BANK_0002,2024-08-16,PAGO_LOGISTICA,log_viajes,VIA_00061,-280.87
TES_00244,BANK_0002,2024-08-21,PAGO_LOGISTICA,log_viajes,VIA_00062,-366.29
TES_00245,BANK_0002,2024-08-25,PAGO_LOGISTICA,log_viajes,VIA_00063,-283.12
TES_00246,BANK_0002,2024-08-27,PAGO_LOGISTICA,log_viajes,VIA_00064,-393.47
TES_00247,BANK_0002,2024-08-15,PAGO_LOGISTICA,log_viajes,VIA_00065,-344.5
TES_00248,BANK_0002,2024-08-21,PAGO_LOGISTICA,log_viajes,VIA_00066,-328.74
TES_00249,BANK_0002,2024-08-20,PAGO_LOGISTICA,log_viajes,VIA_00067,-316.29
TES_00250,BANK_0002,2024-08-19,PAGO_LOGISTICA,log_viajes,VIA_00068,-278.69
TES_00251,BANK_0002,2024-08-22,PAGO_LOGISTICA,log_viajes,VIA_00069,-371.22
TES_00252,BANK_0002,2024-06-06,PAGO_LOGISTICA,log_viajes,VIA_00070,-391.12
TES_00253,BANK_0002,2024-05-28,PAGO_LOGISTICA,log_viajes,VIA_00071,-383.56
TES_00254,BANK_0002,2024-05-22,PAGO_LOGISTICA,log_viajes,VIA_00072,-270.7
TES_00255,BANK_0002,2024-06-05,PAGO_LOGISTICA,log_viajes,VIA_00073,-258.83
TES_00256,BANK_0002,2024-06-05,PAGO_LOGISTICA,log_viajes,VIA_00074,-256.03
TES_00257,BANK_0002,2024-05-27,PAGO_LOGISTICA,log_viajes,VIA_00075,-256.44
TES_00258,BANK_0002,2024-05-29,PAGO_LOGISTICA,log_viajes,VIA_00076,-369.37
TES_00259,BANK_0002,2024-07-07,PAGO_LOGISTICA,log_viajes,VIA_00077,-341.55
TES_00260,BANK_0002,2024-07-01,PAGO_LOGISTICA,log_viajes,VIA_00078,-342.69
TES_00261,BANK_0002,2024-07-01,PAGO_LOGISTICA,log_viajes,VIA_00079,-353.88
TES_00262,BANK_0002,2024-07-08,PAGO_LOGISTICA,log_viajes,VIA_00080,-298.64
TES_00263,BANK_0002,2024-07-07,PAGO_LOGISTICA,log_viajes,VIA_00081,-272.08
TES_00264,BANK_0002,2024-07-01,PAGO_LOGISTICA,log_viajes,VIA_00082,-285.78
TES_00265,BANK_0002,2024-09-13,PAGO_LOGISTICA,log_viajes,VIA_00083,-277.11
TES_00266,BANK_0002,2024-09-18,PAGO_LOGISTICA,log_viajes,VIA_00084,-351.26
TES_00267,BANK_0002,2024-09-21,PAGO_LOGISTICA,log_viajes,VIA_00085,-338.38
TES_00268,BANK_0002,2024-09-14,PAGO_LOGISTICA,log_viajes,VIA_00086,-261.1
TES_00269,BANK_0002,2024-09-20,PAGO_LOGISTICA,log_viajes,VIA_00087,-358.78
TES_00270,BANK_0002,2024-09-21,PAGO_LOGISTICA,log_viajes,VIA_00088,-310.73
TES_00271,BANK_0002,2024-09-11,PAGO_LOGISTICA,log_viajes,VIA_00089,-308.68
TES_00272,BANK_0002,2024-09-20,PAGO_LOGISTICA,log_viajes,VIA_00090,-316.58
TES_00273,BANK_0002,2024-09-23,PAGO_LOGISTICA,log_viajes,VIA_00091,-249.61
TES_00274,BANK_0002,2024-09-14,PAGO_LOGISTICA,log_viajes,VIA_00092,-325.66
TES_00275,BANK_0002,2024-05-18,PAGO_LOGISTICA,log_viajes,VIA_00100,-326.73
TES_00276,BANK_0002,2024-05-21,PAGO_LOGISTICA,log_viajes,VIA_00101,-249.35
TES_00277,BANK_0002,2024-05-09,PAGO_LOGISTICA,log_viajes,VIA_00102,-309.16
TES_00278,BANK_0002,2024-05-19,PAGO_LOGISTICA,log_viajes,VIA_00103,-310.9
TES_00279,BANK_0002,2024-05-12,PAGO_LOGISTICA,log_viajes,VIA_00104,-379.31
TES_00280,BANK_0002,2024-05-14,PAGO_LOGISTICA,log_viajes,VIA_00105,-265.26
TES_00281,BANK_0002,2024-05-19,PAGO_LOGISTICA,log_viajes,VIA_00106,-252.75
TES_00282,BANK_0002,2024-05-08,PAGO_LOGISTICA,log_viajes,VIA_00107,-301.91
TES_00283,BANK_0002,2024-05-09,PAGO_LOGISTICA,log_viajes,VIA_00108,-345.92
TES_00284,BANK_0002,2024-05-15,PAGO_LOGISTICA,log_viajes,VIA_00109,-322.06
TES_00285,BANK_0002,2024-05-24,PAGO_LOGISTICA,log_viajes,VIA_00110,-376.23
TES_00286,BANK_0002,2024-05-08,PAGO_LOGISTICA,log_viajes,VIA_00111,-330.33
TES_00287,BANK_0002,2024-05-21,PAGO_LOGISTICA,log_viajes,VIA_00112,-332.51
TES_00288,BANK_0002,2024-08-09,PAGO_LOGISTICA,log_viajes,VIA_00113,-278.9
TES_00289,BANK_0002,2024-08-16,PAGO_LOGISTICA,log_viajes,VIA_00114,-319.16
TES_00290,BANK_0002,2024-08-15,PAGO_LOGISTICA,log_viajes,VIA_00115,-371.37
TES_00291,BANK_0002,2024-08-16,PAGO_LOGISTICA,log_viajes,VIA_00116,-277.89
TES_00292,BANK_0002,2024-08-10,PAGO_LOGISTICA,log_viajes,VIA_00117,-281.85
TES_00293,BANK_0002,2024-08-21,PAGO_LOGISTICA,log_viajes,VIA_00118,-331.45
TES_00294,BANK_0002,2024-08-12,PAGO_LOGISTICA,log_viajes,VIA_00119,-392.37
TES_00295,BANK_0002,2024-08-22,PAGO_LOGISTICA,log_viajes,VIA_00120,-339.9
TES_00296,BANK_0002,2024-08-19,PAGO_LOGISTICA,log_viajes,VIA_00121,-383.8
TES_00297,BANK_0002,2024-08-18,PAGO_LOGISTICA,log_viajes,VIA_00122,-323.39
TES_00298,BANK_0002,2024-08-14,PAGO_LOGISTICA,log_viajes,VIA_00123,-289.73
TES_00299,BANK_0002,2024-08-19,PAGO_LOGISTICA,log_viajes,VIA_00124,-391.67
TES_00300,BANK_0002,2024-08-25,PAGO_LOGISTICA,log_viajes,VIA_00125,-379.79
TES_00301,BANK_0002,2024-08-23,PAGO_LOGISTICA,log_viajes,VIA_00126,-284.64
TES_00302,BANK_0002,2024-08-23,PAGO_LOGISTICA,log_viajes,VIA_00127,-326.19
TES_00303,BANK_0002,2024-08-12,PAGO_LOGISTICA,log_viajes,VIA_00128,-319.95
TES_00304,BANK_0002,2024-08-18,PAGO_LOGISTICA,log_viajes,VIA_00129,-305.44
TES_00305,BANK_0002,2024-08-14,PAGO_LOGISTICA,log_viajes,VIA_00130,-294.27
TES_00306,BANK_0002,2024-08-24,PAGO_LOGISTICA,log_viajes,VIA_00131,-263.45
TES_00307,BANK_0002,2024-08-25,PAGO_LOGISTICA,log_viajes,VIA_00132,-371.49
TES_00308,BANK_0002,2024-08-22,PAGO_LOGISTICA,log_viajes,VIA_00133,-278.48
TES_00309,BANK_0002,2024-08-10,PAGO_LOGISTICA,log_viajes,VIA_00134,-327.19
TES_00310,BANK_0002,2024-09-08,PAGO_LOGISTICA,log_viajes,VIA_00135,-347.84
TES_00311,BANK_0002,2024-09-15,PAGO_LOGISTICA,log_viajes,VIA_00136,-258.17
TES_00312,BANK_0002,2024-09-15,PAGO_LOGISTICA,log_viajes,VIA_00137,-336.58
TES_00313,BANK_0002,2024-09-08,PAGO_LOGISTICA,log_viajes,VIA_00138,-377.11
TES_00314,BANK_0002,2024-09-05,PAGO_LOGISTICA,log_viajes,VIA_00139,-340.35
TES_00315,BANK_0002,2024-09-05,PAGO_LOGISTICA,log_viajes,VIA_00140,-315.51
TES_00316,BANK_0002,2024-09-14,PAGO_LOGISTICA,log_viajes,VIA_00141,-370.12
TES_00317,BANK_0002,2024-09-11,PAGO_LOGISTICA,log_viajes,VIA_00142,-249.98
TES_00318,BANK_0002,2024-09-11,PAGO_LOGISTICA,log_viajes,VIA_00143,-385.47
TES_00319,BANK_0002,2024-09-17,PAGO_LOGISTICA,log_viajes,VIA_00144,-271.08
TES_00320,BANK_0002,2024-05-15,PAGO_LOGISTICA,log_viajes,VIA_00145,-339.21
TES_00321,BANK_0002,2024-05-28,PAGO_LOGISTICA,log_viajes,VIA_00146,-372.01
TES_00322,BANK_0002,2024-05-20,PAGO_LOGISTICA,log_viajes,VIA_00147,-278.22
TES_00323,BANK_0002,2024-05-31,PAGO_LOGISTICA,log_viajes,VIA_00148,-286.75
TES_00324,BANK_0002,2024-05-31,PAGO_LOGISTICA,log_viajes,VIA_00149,-241.68
TES_00325,BANK_0002,2024-05-23,PAGO_LOGISTICA,log_viajes,VIA_00150,-337.28
TES_00326,BANK_0002,2024-05-21,PAGO_LOGISTICA,log_viajes,VIA_00151,-298.17
TES_00327,BANK_0002,2024-05-19,PAGO_LOGISTICA,log_viajes,VIA_00152,-322.77
TES_00328,BANK_0002,2024-05-18,PAGO_LOGISTICA,log_viajes,VIA_00153,-351.52
TES_00329,BANK_0002,2024-06-01,PAGO_LOGISTICA,log_viajes,VIA_00154,-249.85
TES_00330,BANK_0002,2024-05-19,PAGO_LOGISTICA,log_viajes,VIA_00155,-321.77
TES_00331,BANK_0002,2024-05-23,PAGO_LOGISTICA,log_viajes,VIA_00156,-241.19
TES_00332,BANK_0002,2024-05-23,PAGO_LOGISTICA,log_viajes,VIA_00157,-300.43
TES_00333,BANK_0002,2024-06-26,PAGO_LOGISTICA,log_viajes,VIA_00158,-390.33
TES_00334,BANK_0002,2024-06-28,PAGO_LOGISTICA,log_viajes,VIA_00159,-390.92
TES_00335,BANK_0002,2024-06-23,PAGO_LOGISTICA,log_viajes,VIA_00160,-390.22
TES_00336,BANK_0002,2024-06-27,PAGO_LOGISTICA,log_viajes,VIA_00161,-251.14
TES_00337,BANK_0002,2024-06-24,PAGO_LOGISTICA,log_viajes,VIA_00162,-397.11
TES_00338,BANK_0002,2024-06-22,PAGO_LOGISTICA,log_viajes,VIA_00163,-397.19
TES_00339,BANK_0002,2024-06-17,PAGO_LOGISTICA,log_viajes,VIA_00164,-261.21
TES_00340,BANK_0002,2024-06-18,PAGO_LOGISTICA,log_viajes,VIA_00165,-342.82
TES_00341,BANK_0002,2024-06-22,PAGO_LOGISTICA,log_viajes,VIA_00166,-312.87
TES_00342,BANK_0002,2024-06-15,PAGO_LOGISTICA,log_viajes,VIA_00167,-272.7
TES_00343,BANK_0002,2024-06-20,PAGO_LOGISTICA,log_viajes,VIA_00168,-260.73
TES_00344,BANK_0002,2024-06-22,PAGO_LOGISTICA,log_viajes,VIA_00169,-378.64
TES_00345,BANK_0002,2024-06-22,PAGO_LOGISTICA,log_viajes,VIA_00170,-326.97
TES_00346,BANK_0002,2024-06-27,PAGO_LOGISTICA,log_viajes,VIA_00171,-397.0
TES_00347,BANK_0002,2024-07-01,PAGO_LOGISTICA,log_viajes,VIA_00172,-305.52
TES_00348,BANK_0002,2024-09-07,PAGO_LOGISTICA,log_viajes,VIA_00173,-319.52
TES_00349,BANK_0002,2024-08-26,PAGO_LOGISTICA,log_viajes,VIA_00174,-360.63
TES_00350,BANK_0002,2024-09-01,PAGO_LOGISTICA,log_viajes,VIA_00175,-379.71
TES_00351,BANK_0002,2024-09-07,PAGO_LOGISTICA,log_viajes,VIA_00176,-378.51
TES_00352,BANK_0002,2024-09-04,PAGO_LOGISTICA,log_viajes,VIA_00177,-343.06
TES_00353,BANK_0002,2024-09-01,PAGO_LOGISTICA,log_viajes,VIA_00178,-288.17
TES_00354,BANK_0002,2024-09-02,PAGO_LOGISTICA,log_viajes,VIA_00179,-399.14
TES_00355,BANK_0002,2024-09-01,PAGO_LOGISTICA,log_viajes,VIA_00180,-262.39
TES_00356,BANK_0002,2024-09-03,PAGO_LOGISTICA,log_viajes,VIA_00181,-300.62
TES_00357,BANK_0002,2024-08-29,PAGO_LOGISTICA,log_viajes,VIA_00182,-321.25
TES_00358,BANK_0002,2024-09-03,PAGO_LOGISTICA,log_viajes,VIA_00183,-292.32
TES_00359,BANK_0002,2024-08-29,PAGO_LOGISTICA,log_viajes,VIA_00184,-377.6
TES_00360,BANK_0002,2024-09-05,PAGO_LOGISTICA,log_viajes,VIA_00185,-377.14
TES_00361,BANK_0002,2024-09-08,PAGO_LOGISTICA,log_viajes,VIA_00186,-393.92
TES_00362,BANK_0002,2024-07-11,PAGO_LOGISTICA,log_viajes,VIA_00187,-323.02
TES_00363,BANK_0002,2024-07-08,PAGO_LOGISTICA,log_viajes,VIA_00188,-271.87
TES_00364,BANK_0002,2024-07-18,PAGO_LOGISTICA,log_viajes,VIA_00189,-255.87
TES_00365,BANK_0002,2024-07-13,PAGO_LOGISTICA,log_viajes,VIA_00190,-269.91
TES_00366,BANK_0002,2024-07-09,PAGO_LOGISTICA,log_viajes,VIA_00191,-311.64
TES_00367,BANK_0002,2024-07-03,PAGO_LOGISTICA,log_viajes,VIA_00192,-291.16
TES_00368,BANK_0002,2024-07-02,PAGO_LOGISTICA,log_viajes,VIA_00193,-342.04
TES_00369,BANK_0002,2024-07-05,PAGO_LOGISTICA,log_viajes,VIA_00194,-347.65
TES_00370,BANK_0002,2024-07-06,PAGO_LOGISTICA,log_viajes,VIA_00195,-250.76
TES_00371,BANK_0002,2024-07-14,PAGO_LOGISTICA,log_viajes,VIA_00196,-318.05
TES_00372,BANK_0002,2024-07-10,PAGO_LOGISTICA,log_viajes,VIA_00197,-371.81
TES_00373,BANK_0002,2024-07-18,PAGO_LOGISTICA,log_viajes,VIA_00198,-329.28
TES_00374,BANK_0002,2024-07-12,PAGO_LOGISTICA,log_viajes,VIA_00199,-251.99
TES_00375,BANK_0002,2024-07-15,PAGO_LOGISTICA,log_viajes,VIA_00200,-251.46
TES_00376,BANK_0002,2024-07-09,PAGO_LOGISTICA,log_viajes,VIA_00201,-295.65
TES_00377,BANK_0002,2024-07-06,PAGO_LOGISTICA,log_viajes,VIA_00202,-202.7
TES_00378,BANK_0002,2024-07-12,PAGO_LOGISTICA,log_viajes,VIA_00203,-293.33
TES_00379,BANK_0002,2024-06-21,PAGO_LOGISTICA,log_viajes,VIA_00210,-318.07
TES_00380,BANK_0002,2024-06-18,PAGO_LOGISTICA,log_viajes,VIA_00211,-215.01
TES_00381,BANK_0002,2024-06-23,PAGO_LOGISTICA,log_viajes,VIA_00212,-314.1
TES_00382,BANK_0002,2024-06-25,PAGO_LOGISTICA,log_viajes,VIA_00213,-260.4
TES_00383,BANK_0002,2024-07-31,PAGO_LOGISTICA,log_viajes,VIA_00214,-305.26
TES_00384,BANK_0002,2024-08-05,PAGO_LOGISTICA,log_viajes,VIA_00215,-270.49
TES_00385,BANK_0002,2024-08-10,PAGO_LOGISTICA,log_viajes,VIA_00216,-356.23
TES_00386,BANK_0002,2024-07-30,PAGO_LOGISTICA,log_viajes,VIA_00217,-273.44
TES_00387,BANK_0002,2025-06-22,PAGO_LOGISTICA,log_viajes,VIA_00223,-300.81
TES_00388,BANK_0002,2025-06-24,PAGO_LOGISTICA,log_viajes,VIA_00224,-318.64
TES_00389,BANK_0002,2025-07-01,PAGO_LOGISTICA,log_viajes,VIA_00225,-377.14
TES_00390,BANK_0002,2025-06-21,PAGO_LOGISTICA,log_viajes,VIA_00226,-280.35
TES_00391,BANK_0002,2025-07-04,PAGO_LOGISTICA,log_viajes,VIA_00227,-299.87
TES_00392,BANK_0002,2025-06-24,PAGO_LOGISTICA,log_viajes,VIA_00228,-322.89
TES_00393,BANK_0002,2025-07-01,PAGO_LOGISTICA,log_viajes,VIA_00229,-284.08
TES_00394,BANK_0002,2025-07-01,PAGO_LOGISTICA,log_viajes,VIA_00230,-267.76
TES_00395,BANK_0002,2025-07-01,PAGO_LOGISTICA,log_viajes,VIA_00231,-389.91
TES_00396,BANK_0002,2025-07-03,PAGO_LOGISTICA,log_viajes,VIA_00232,-355.59
TES_00397,BANK_0002,2025-06-21,PAGO_LOGISTICA,log_viajes,VIA_00233,-398.39
TES_00398,BANK_0002,2025-06-27,PAGO_LOGISTICA,log_viajes,VIA_00234,-272.63
TES_00399,BANK_0002,2025-06-19,PAGO_LOGISTICA,log_viajes,VIA_00235,-328.75
TES_00400,BANK_0002,2025-06-22,PAGO_LOGISTICA,log_viajes,VIA_00236,-340.85
TES_00401,BANK_0002,2025-06-17,PAGO_LOGISTICA,log_viajes,VIA_00237,-388.51
TES_00402,BANK_0002,2025-06-28,PAGO_LOGISTICA,log_viajes,VIA_00238,-253.94
TES_00403,BANK_0002,2025-06-05,PAGO_LOGISTICA,log_viajes,VIA_00239,-284.94
TES_00404,BANK_0002,2025-06-06,PAGO_LOGISTICA,log_viajes,VIA_00240,-285.75
TES_00405,BANK_0002,2025-05-27,PAGO_LOGISTICA,log_viajes,VIA_00241,-300.56
TES_00406,BANK_0002,2025-05-30,PAGO_LOGISTICA,log_viajes,VIA_00242,-294.65
TES_00407,BANK_0002,2025-06-06,PAGO_LOGISTICA,log_viajes,VIA_00243,-257.46
TES_00408,BANK_0002,2025-06-08,PAGO_LOGISTICA,log_viajes,VIA_00244,-274.23
TES_00409,BANK_0002,2025-06-09,PAGO_LOGISTICA,log_viajes,VIA_00245,-391.87
TES_00410,BANK_0002,2025-05-27,PAGO_LOGISTICA,log_viajes,VIA_00246,-319.29
TES_00411,BANK_0002,2025-05-31,PAGO_LOGISTICA,log_viajes,VIA_00247,-291.0
TES_00412,BANK_0002,2025-05-26,PAGO_LOGISTICA,log_viajes,VIA_00248,-358.15
TES_00413,BANK_0002,2025-06-07,PAGO_LOGISTICA,log_viajes,VIA_00249,-377.65
TES_00414,BANK_0002,2025-05-28,PAGO_LOGISTICA,log_viajes,VIA_00250,-358.47
TES_00415,BANK_0002,2025-06-07,PAGO_LOGISTICA,log_viajes,VIA_00251,-290.09
TES_00416,BANK_0002,2025-05-28,PAGO_LOGISTICA,log_viajes,VIA_00252,-258.15
TES_00417,BANK_0002,2025-05-25,PAGO_LOGISTICA,log_viajes,VIA_00253,-358.95
TES_00418,BANK_0002,2025-06-08,PAGO_LOGISTICA,log_viajes,VIA_00254,-341.96
TES_00419,BANK_0002,2025-06-02,PAGO_LOGISTICA,log_viajes,VIA_00255,-358.96
TES_00420,BANK_0002,2025-06-02,PAGO_LOGISTICA,log_viajes,VIA_00256,-333.94
TES_00421,BANK_0002,2025-06-05,PAGO_LOGISTICA,log_viajes,VIA_00257,-258.68
TES_00422,BANK_0002,2025-05-30,PAGO_LOGISTICA,log_viajes,VIA_00258,-305.86
TES_00423,BANK_0002,2025-06-05,PAGO_LOGISTICA,log_viajes,VIA_00259,-310.94
TES_00424,BANK_0002,2025-07-09,PAGO_LOGISTICA,log_viajes,VIA_00260,-371.79
TES_00425,BANK_0002,2025-07-06,PAGO_LOGISTICA,log_viajes,VIA_00261,-373.91
TES_00426,BANK_0002,2025-07-08,PAGO_LOGISTICA,log_viajes,VIA_00262,-290.28
TES_00427,BANK_0002,2025-07-03,PAGO_LOGISTICA,log_viajes,VIA_00263,-303.57
TES_00428,BANK_0002,2025-07-07,PAGO_LOGISTICA,log_viajes,VIA_00264,-316.12
TES_00429,BANK_0002,2025-07-12,PAGO_LOGISTICA,log_viajes,VIA_00265,-293.84
TES_00430,BANK_0002,2025-07-05,PAGO_LOGISTICA,log_viajes,VIA_00266,-302.93
TES_00431,BANK_0002,2025-07-05,PAGO_LOGISTICA,log_viajes,VIA_00267,-279.77
TES_00432,BANK_0002,2025-07-14,PAGO_LOGISTICA,log_viajes,VIA_00268,-357.8
TES_00433,BANK_0002,2025-07-10,PAGO_LOGISTICA,log_viajes,VIA_00269,-365.69
TES_00434,BANK_0002,2025-07-04,PAGO_LOGISTICA,log_viajes,VIA_00270,-319.63
TES_00435,BANK_0002,2025-07-14,PAGO_LOGISTICA,log_viajes,VIA_00271,-362.75
TES_00436,BANK_0002,2025-07-16,PAGO_LOGISTICA,log_viajes,VIA_00272,-280.76
TES_00437,BANK_0002,2025-07-03,PAGO_LOGISTICA,log_viajes,VIA_00273,-258.85
TES_00438,BANK_0002,2025-07-06,PAGO_LOGISTICA,log_viajes,VIA_00274,-348.39
TES_00439,BANK_0002,2025-07-08,PAGO_LOGISTICA,log_viajes,VIA_00275,-330.18
TES_00440,BANK_0002,2025-07-15,PAGO_LOGISTICA,log_viajes,VIA_00276,-251.81
TES_00441,BANK_0002,2025-07-04,PAGO_LOGISTICA,log_viajes,VIA_00277,-280.04
TES_00442,BANK_0002,2025-07-16,PAGO_LOGISTICA,log_viajes,VIA_00278,-259.37
TES_00443,BANK_0002,2025-07-08,PAGO_LOGISTICA,log_viajes,VIA_00279,-374.06
TES_00444,BANK_0002,2025-07-04,PAGO_LOGISTICA,log_viajes,VIA_00280,-289.6
TES_00445,BANK_0002,2025-09-05,PAGO_LOGISTICA,log_viajes,VIA_00281,-299.13
TES_00446,BANK_0002,2025-08-24,PAGO_LOGISTICA,log_viajes,VIA_00282,-250.43
TES_00447,BANK_0002,2025-08-24,PAGO_LOGISTICA,log_viajes,VIA_00283,-300.96
TES_00448,BANK_0002,2025-09-08,PAGO_LOGISTICA,log_viajes,VIA_00284,-304.84
TES_00449,BANK_0002,2025-08-31,PAGO_LOGISTICA,log_viajes,VIA_00285,-248.07
TES_00450,BANK_0002,2025-08-30,PAGO_LOGISTICA,log_viajes,VIA_00286,-369.2
TES_00451,BANK_0002,2025-09-02,PAGO_LOGISTICA,log_viajes,VIA_00287,-280.72
TES_00452,BANK_0002,2025-09-02,PAGO_LOGISTICA,log_viajes,VIA_00288,-300.54
TES_00453,BANK_0002,2025-09-02,PAGO_LOGISTICA,log_viajes,VIA_00289,-262.78
TES_00454,BANK_0002,2025-08-22,PAGO_LOGISTICA,log_viajes,VIA_00290,-271.89
TES_00455,BANK_0002,2025-09-01,PAGO_LOGISTICA,log_viajes,VIA_00291,-245.1
TES_00456,BANK_0002,2025-08-26,PAGO_LOGISTICA,log_viajes,VIA_00292,-329.5
TES_00457,BANK_0002,2025-09-04,PAGO_LOGISTICA,log_viajes,VIA_00293,-329.75
TES_00458,BANK_0002,2025-08-31,PAGO_LOGISTICA,log_viajes,VIA_00294,-372.1
TES_00459,BANK_0002,2025-06-12,PAGO_LOGISTICA,log_viajes,VIA_00342,-354.39
TES_00460,BANK_0002,2025-06-26,PAGO_LOGISTICA,log_viajes,VIA_00343,-305.6
TES_00461,BANK_0002,2025-06-14,PAGO_LOGISTICA,log_viajes,VIA_00344,-259.83
TES_00462,BANK_0002,2025-06-15,PAGO_LOGISTICA,log_viajes,VIA_00345,-259.83
TES_00463,BANK_0002,2025-06-25,PAGO_LOGISTICA,log_viajes,VIA_00346,-293.19
TES_00464,BANK_0002,2025-06-24,PAGO_LOGISTICA,log_viajes,VIA_00347,-259.42
TES_00465,BANK_0002,2025-06-24,PAGO_LOGISTICA,log_viajes,VIA_00348,-376.59
TES_00466,BANK_0002,2025-06-22,PAGO_LOGISTICA,log_viajes,VIA_00349,-252.92
TES_00467,BANK_0002,2025-06-26,PAGO_LOGISTICA,log_viajes,VIA_00350,-379.35
TES_00468,BANK_0002,2025-06-12,PAGO_LOGISTICA,log_viajes,VIA_00351,-332.83
TES_00469,BANK_0002,2025-06-21,PAGO_LOGISTICA,log_viajes,VIA_00352,-370.5
TES_00470,BANK_0002,2025-07-12,PAGO_LOGISTICA,log_viajes,VIA_00353,-260.09
TES_00471,BANK_0002,2025-07-14,PAGO_LOGISTICA,log_viajes,VIA_00354,-245.76
TES_00472,BANK_0002,2025-07-11,PAGO_LOGISTICA,log_viajes,VIA_00355,-367.27
TES_00473,BANK_0002,2025-07-11,PAGO_LOGISTICA,log_viajes,VIA_00356,-337.99
TES_00474,BANK_0002,2025-07-14,PAGO_LOGISTICA,log_viajes,VIA_00357,-299.17
TES_00475,BANK_0002,2025-07-22,PAGO_LOGISTICA,log_viajes,VIA_00358,-314.14
TES_00476,BANK_0002,2025-07-17,PAGO_LOGISTICA,log_viajes,VIA_00359,-285.82
TES_00477,BANK_0002,2025-07-12,PAGO_LOGISTICA,log_viajes,VIA_00360,-274.75
TES_00478,BANK_0002,2025-09-25,PAGO_LOGISTICA,log_viajes,VIA_00361,-369.75
TES_00479,BANK_0002,2025-09-27,PAGO_LOGISTICA,log_viajes,VIA_00362,-260.92
TES_00480,BANK_0002,2025-09-22,PAGO_LOGISTICA,log_viajes,VIA_00363,-366.15
TES_00481,BANK_0002,2025-09-27,PAGO_LOGISTICA,log_viajes,VIA_00364,-263.4
TES_00482,BANK_0002,2025-09-29,PAGO_LOGISTICA,log_viajes,VIA_00365,-248.16
TES_00483,BANK_0002,2025-09-22,PAGO_LOGISTICA,log_viajes,VIA_00366,-386.71
TES_00484,BANK_0002,2025-09-27,PAGO_LOGISTICA,log_viajes,VIA_00367,-351.47
TES_00485,BANK_0002,2025-09-30,PAGO_LOGISTICA,log_viajes,VIA_00368,-328.48
TES_00486,BANK_0002,2025-09-27,PAGO_LOGISTICA,log_viajes,VIA_00369,-294.15
TES_00487,BANK_0002,2025-05-09,PAGO_LOGISTICA,log_viajes,VIA_00370,-288.34
TES_00488,BANK_0002,2025-05-13,PAGO_LOGISTICA,log_viajes,VIA_00371,-267.99
TES_00489,BANK_0002,2025-05-18,PAGO_LOGISTICA,log_viajes,VIA_00372,-339.92
TES_00490,BANK_0002,2025-05-08,PAGO_LOGISTICA,log_viajes,VIA_00373,-363.77
TES_00491,BANK_0002,2025-05-14,PAGO_LOGISTICA,log_viajes,VIA_00374,-371.79
TES_00492,BANK_0002,2025-05-15,PAGO_LOGISTICA,log_viajes,VIA_00375,-333.75
TES_00493,BANK_0002,2025-05-09,PAGO_LOGISTICA,log_viajes,VIA_00376,-299.33
TES_00494,BANK_0002,2025-05-11,PAGO_LOGISTICA,log_viajes,VIA_00377,-352.93
TES_00495,BANK_0002,2025-05-20,PAGO_LOGISTICA,log_viajes,VIA_00378,-312.59
TES_00496,BANK_0002,2025-05-11,PAGO_LOGISTICA,log_viajes,VIA_00379,-323.28
TES_00497,BANK_0002,2025-05-14,PAGO_LOGISTICA,log_viajes,VIA_00380,-285.16
TES_00498,BANK_0002,2025-05-07,PAGO_LOGISTICA,log_viajes,VIA_00381,-259.38
TES_00499,BANK_0002,2025-05-20,PAGO_LOGISTICA,log_viajes,VIA_00382,-267.97
TES_00500,BANK_0002,2025-05-14,PAGO_LOGISTICA,log_viajes,VIA_00383,-365.63
TES_00501,BANK_0002,2025-05-16,PAGO_LOGISTICA,log_viajes,VIA_00384,-386.18
TES_00502,BANK_0002,2025-05-15,PAGO_LOGISTICA,log_viajes,VIA_00385,-259.57
TES_00503,BANK_0002,2025-05-11,PAGO_LOGISTICA,log_viajes,VIA_00386,-345.28
TES_00504,BANK_0002,2025-05-10,PAGO_LOGISTICA,log_viajes,VIA_00387,-375.2
TES_00505,BANK_0002,2025-05-16,PAGO_LOGISTICA,log_viajes,VIA_00388,-338.36
TES_00506,BANK_0002,2025-05-18,PAGO_LOGISTICA,log_viajes,VIA_00389,-355.27
TES_00507,BANK_0002,2025-05-07,PAGO_LOGISTICA,log_viajes,VIA_00390,-338.56
TES_00508,BANK_0002,2025-08-16,PAGO_LOGISTICA,log_viajes,VIA_00391,-362.39
TES_00509,BANK_0002,2025-08-16,PAGO_LOGISTICA,log_viajes,VIA_00392,-272.15
TES_00510,BANK_0002,2025-08-03,PAGO_LOGISTICA,log_viajes,VIA_00393,-329.57
TES_00511,BANK_0002,2025-08-03,PAGO_LOGISTICA,log_viajes,VIA_00394,-334.44
TES_00512,BANK_0002,2025-08-14,PAGO_LOGISTICA,log_viajes,VIA_00395,-309.1
TES_00513,BANK_0002,2025-08-16,PAGO_LOGISTICA,log_viajes,VIA_00396,-336.5
TES_00514,BANK_0002,2025-08-08,PAGO_LOGISTICA,log_viajes,VIA_00397,-356.95
TES_00515,BANK_0002,2025-08-13,PAGO_LOGISTICA,log_viajes,VIA_00398,-367.56
TES_00516,BANK_0002,2025-08-18,PAGO_LOGISTICA,log_viajes,VIA_00399,-329.28
TES_00517,BANK_0002,2025-08-07,PAGO_LOGISTICA,log_viajes,VIA_00400,-263.19
TES_00518,BANK_0002,2025-08-06,PAGO_LOGISTICA,log_viajes,VIA_00401,-327.75
TES_00519,BANK_0002,2025-08-18,PAGO_LOGISTICA,log_viajes,VIA_00402,-350.72
TES_00520,BANK_0002,2025-08-06,PAGO_LOGISTICA,log_viajes,VIA_00403,-337.57
TES_00521,BANK_0002,2025-08-11,PAGO_LOGISTICA,log_viajes,VIA_00404,-359.04
TES_00522,BANK_0002,2025-08-10,PAGO_LOGISTICA,log_viajes,VIA_00405,-337.75
TES_00523,BANK_0002,2025-08-11,PAGO_LOGISTICA,log_viajes,VIA_00406,-299.15
TES_00524,BANK_0002,2025-08-06,PAGO_LOGISTICA,log_viajes,VIA_00407,-378.75
TES_00525,BANK_0002,2025-08-13,PAGO_LOGISTICA,log_viajes,VIA_00408,-326.59
TES_00526,BANK_0002,2025-08-14,PAGO_LOGISTICA,log_viajes,VIA_00409,-255.49
TES_00527,BANK_0002,2025-08-05,PAGO_LOGISTICA,log_viajes,VIA_00410,-277.1
TES_00528,BANK_0002,2025-08-10,PAGO_LOGISTICA,log_viajes,VIA_00411,-390.87
TES_00529,BANK_0002,2025-08-03,PAGO_LOGISTICA,log_viajes,VIA_00412,-283.43
TES_00530,BANK_0002,2025-08-05,PAGO_LOGISTICA,log_viajes,VIA_00413,-299.1
TES_00531,BANK_0002,2025-08-19,PAGO_LOGISTICA,log_viajes,VIA_00414,-305.92
TES_00532,BANK_0002,2025-08-11,PAGO_LOGISTICA,log_viajes,VIA_00415,-369.45
TES_00533,BANK_0002,2025-08-13,PAGO_LOGISTICA,log_viajes,VIA_00416,-340.05
TES_00534,BANK_0002,2025-08-17,PAGO_LOGISTICA,log_viajes,VIA_00417,-308.77
TES_00535,BANK_0002,2025-08-15,PAGO_LOGISTICA,log_viajes,VIA_00418,-387.71
TES_00536,BANK_0002,2025-08-16,PAGO_LOGISTICA,log_viajes,VIA_00419,-326.95
TES_00537,BANK_0002,2025-08-15,PAGO_LOGISTICA,log_viajes,VIA_00420,-279.93
TES_00538,BANK_0002,2025-06-19,PAGO_LOGISTICA,log_viajes,VIA_00421,-342.13
TES_00539,BANK_0002,2025-06-22,PAGO_LOGISTICA,log_viajes,VIA_00422,-363.69
TES_00540,BANK_0002,2025-06-15,PAGO_LOGISTICA,log_viajes,VIA_00423,-249.25
TES_00541,BANK_0002,2025-06-27,PAGO_LOGISTICA,log_viajes,VIA_00424,-379.61
TES_00542,BANK_0002,2025-06-15,PAGO_LOGISTICA,log_viajes,VIA_00425,-336.13
TES_00543,BANK_0002,2025-06-26,PAGO_LOGISTICA,log_viajes,VIA_00426,-303.3
TES_00544,BANK_0002,2025-06-25,PAGO_LOGISTICA,log_viajes,VIA_00427,-255.65
TES_00545,BANK_0002,2025-10-03,PAGO_LOGISTICA,log_viajes,VIA_00428,-269.56
TES_00546,BANK_0002,2025-10-14,PAGO_LOGISTICA,log_viajes,VIA_00429,-330.48
TES_00547,BANK_0002,2025-10-17,PAGO_LOGISTICA,log_viajes,VIA_00430,-272.19
TES_00548,BANK_0002,2025-10-11,PAGO_LOGISTICA,log_viajes,VIA_00431,-303.17
TES_00549,BANK_0002,2025-10-06,PAGO_LOGISTICA,log_viajes,VIA_00432,-385.47
TES_00550,BANK_0002,2025-10-15,PAGO_LOGISTICA,log_viajes,VIA_00433,-385.66
TES_00551,BANK_0002,2025-10-09,PAGO_LOGISTICA,log_viajes,VIA_00434,-372.9
TES_00552,BANK_0002,2025-10-04,PAGO_LOGISTICA,log_viajes,VIA_00435,-341.3
TES_00553,BANK_0002,2025-10-06,PAGO_LOGISTICA,log_viajes,VIA_00436,-351.94
TES_00554,BANK_0002,2025-10-13,PAGO_LOGISTICA,log_viajes,VIA_00437,-392.41
TES_00555,BANK_0002,2025-10-08,PAGO_LOGISTICA,log_viajes,VIA_00438,-365.7
TES_00556,BANK_0002,2025-10-05,PAGO_LOGISTICA,log_viajes,VIA_00439,-249.38
TES_00557,BANK_0002,2025-10-14,PAGO_LOGISTICA,log_viajes,VIA_00440,-324.21
TES_00558,BANK_0002,2025-10-04,PAGO_LOGISTICA,log_viajes,VIA_00441,-298.88
TES_00559,BANK_0002,2025-10-05,PAGO_LOGISTICA,log_viajes,VIA_00442,-327.29
TES_00560,BANK_0002,2025-10-29,PAGO_LOGISTICA,log_viajes,VIA_00448,-229.63
TES_00561,BANK_0002,2025-10-21,PAGO_LOGISTICA,log_viajes,VIA_00449,-318.78
TES_00562,BANK_0002,2025-10-28,PAGO_LOGISTICA,log_viajes,VIA_00450,-296.5
TES_00563,BANK_0002,2025-11-05,PAGO_LOGISTICA,log_viajes,VIA_00451,-279.91
TES_00564,BANK_0002,2025-11-05,PAGO_LOGISTICA,log_viajes,VIA_00452,-239.13
TES_00565,BANK_0002,2025-11-04,PAGO_LOGISTICA,log_viajes,VIA_00453,-362.47
TES_00566,BANK_0002,2025-10-27,PAGO_LOGISTICA,log_viajes,VIA_00454,-302.15
TES_00567,BANK_0002,2025-10-22,PAGO_LOGISTICA,log_viajes,VIA_00455,-339.22
TES_00568,BANK_0002,2025-11-03,PAGO_LOGISTICA,log_viajes,VIA_00456,-310.73
TES_00569,BANK_0002,2025-09-25,PAGO_LOGISTICA,log_viajes,VIA_00500,-320.72
TES_00570,BANK_0002,2025-10-01,PAGO_LOGISTICA,log_viajes,VIA_00501,-317.67
TES_00571,BANK_0002,2025-09-21,PAGO_LOGISTICA,log_viajes,VIA_00502,-321.42
TES_00572,BANK_0002,2025-09-30,PAGO_LOGISTICA,log_viajes,VIA_00503,-325.86
TES_00573,BANK_0002,2025-09-29,PAGO_LOGISTICA,log_viajes,VIA_00504,-374.17
TES_00574,BANK_0002,2025-10-05,PAGO_LOGISTICA,log_viajes,VIA_00505,-301.53
TES_00575,BANK_0002,2025-09-20,PAGO_LOGISTICA,log_viajes,VIA_00506,-379.63
TES_00576,BANK_0002,2025-09-26,PAGO_LOGISTICA,log_viajes,VIA_00507,-338.32
TES_00577,BANK_0002,2025-10-05,PAGO_LOGISTICA,log_viajes,VIA_00508,-362.17
TES_00578,BANK_0002,2025-09-25,PAGO_LOGISTICA,log_viajes,VIA_00509,-351.84
TES_00579,BANK_0002,2025-07-20,PAGO_LOGISTICA,log_viajes,VIA_00510,-293.41
TES_00580,BANK_0002,2025-07-11,PAGO_LOGISTICA,log_viajes,VIA_00511,-381.48
TES_00581,BANK_0002,2025-07-21,PAGO_LOGISTICA,log_viajes,VIA_00512,-262.08
TES_00582,BANK_0002,2025-07-13,PAGO_LOGISTICA,log_viajes,VIA_00513,-242.64
TES_00583,BANK_0002,2025-07-17,PAGO_LOGISTICA,log_viajes,VIA_00514,-364.58
TES_00584,BANK_0002,2025-07-23,PAGO_LOGISTICA,log_viajes,VIA_00515,-315.43
TES_00585,BANK_0002,2025-07-19,PAGO_LOGISTICA,log_viajes,VIA_00516,-356.08
TES_00586,BANK_0002,2025-07-17,PAGO_LOGISTICA,log_viajes,VIA_00517,-306.08
TES_00587,BANK_0002,2025-07-12,PAGO_LOGISTICA,log_viajes,VIA_00518,-271.4
TES_00588,BANK_0002,2025-07-13,PAGO_LOGISTICA,log_viajes,VIA_00519,-331.44
TES_00589,BANK_0002,2023-08-05,PAGO_NOMINA,rrhh_liquidaciones,NOM_20230805,-26417.82
TES_00590,BANK_0002,2023-09-05,PAGO_NOMINA,rrhh_liquidaciones,NOM_20230905,-26471.01
TES_00591,BANK_0002,2023-10-06,PAGO_NOMINA,rrhh_liquidaciones,NOM_20231006,-26492.9
TES_00592,BANK_0002,2023-11-05,PAGO_NOMINA,rrhh_liquidaciones,NOM_20231105,-26369.49
TES_00593,BANK_0002,2023-12-06,PAGO_NOMINA,rrhh_liquidaciones,NOM_20231206,-27605.6
TES_00594,BANK_0002,2024-01-05,PAGO_NOMINA,rrhh_liquidaciones,NOM_20240105,-27849.83
TES_00595,BANK_0002,2024-02-05,PAGO_NOMINA,rrhh_liquidaciones,NOM_20240205,-26665.94
TES_00596,BANK_0002,2024-03-07,PAGO_NOMINA,rrhh_liquidaciones,NOM_20240307,-26317.76
TES_00597,BANK_0002,2024-04-05,PAGO_NOMINA,rrhh_liquidaciones,NOM_20240405,-26504.49
TES_00598,BANK_0002,2024-05-06,PAGO_NOMINA,rrhh_liquidaciones,NOM_20240506,-27695.86
TES_00599,BANK_0002,2024-06-05,PAGO_NOMINA,rrhh_liquidaciones,NOM_20240605,-28003.73
TES_00600,BANK_0002,2024-07-06,PAGO_NOMINA,rrhh_liquidaciones,NOM_20240706,-26572.52
TES_00601,BANK_0002,2024-08-05,PAGO_NOMINA,rrhh_liquidaciones,NOM_20240805,-26422.98
TES_00602,BANK_0002,2024-09-05,PAGO_NOMINA,rrhh_liquidaciones,NOM_20240905,-26282.45
TES_00603,BANK_0002,2024-10-06,PAGO_NOMINA,rrhh_liquidaciones,NOM_20241006,-26346.0
TES_00604,BANK_0002,2024-11-05,PAGO_NOMINA,rrhh_liquidaciones,NOM_20241105,-26226.04
TES_00605,BANK_0002,2024-12-06,PAGO_NOMINA,rrhh_liquidaciones,NOM_20241206,-27682.54
TES_00606,BANK_0002,2025-01-05,PAGO_NOMINA,rrhh_liquidaciones,NOM_20250105,-28042.01
TES_00607,BANK_0002,2025-02-05,PAGO_NOMINA,rrhh_liquidaciones,NOM_20250205,-26365.58
TES_00608,BANK_0002,2025-03-08,PAGO_NOMINA,rrhh_liquidaciones,NOM_20250308,-26549.21
TES_00609,BANK_0002,2025-04-05,PAGO_NOMINA,rrhh_liquidaciones,NOM_20250405,-26411.51
TES_00610,BANK_0002,2025-05-06,PAGO_NOMINA,rrhh_liquidaciones,NOM_20250506,-28051.73
TES_00611,BANK_0002,2025-06-05,PAGO_NOMINA,rrhh_liquidaciones,NOM_20250605,-27791.09
TES_00612,BANK_0002,2025-07-06,PAGO_NOMINA,rrhh_liquidaciones,NOM_20250706,-26465.96
TES_00613,BANK_0002,2025-08-05,PAGO_NOMINA,rrhh_liquidaciones,NOM_20250805,-26547.07
TES_00614,BANK_0002,2025-09-05,PAGO_NOMINA,rrhh_liquidaciones,NOM_20250905,-26347.66
TES_00615,BANK_0002,2025-10-06,PAGO_NOMINA,rrhh_liquidaciones,NOM_20251006,-26467.41
TES_00616,BANK_0002,2025-11-05,PAGO_NOMINA,rrhh_liquidaciones,NOM_20251105,-26333.76
TES_00617,BANK_0002,2025-12-06,PAGO_NOMINA,rrhh_liquidaciones,NOM_20251206,-27980.5
TES_00618,BANK_0002,2026-01-05,PAGO_NOMINA,rrhh_liquidaciones,NOM_20260105,-27783.11
TES_00619,BANK_0002,2023-08-15,PAGO_IMPUESTO,tax_posiciones_fiscales_periodo,TFP_00001,-7638.88
TES_00620,BANK_0002,2023-09-15,PAGO_IMPUESTO,tax_posiciones_fiscales_periodo,TFP_00002,-7654.27
TES_00621,BANK_0002,2023-10-15,PAGO_IMPUESTO,tax_posiciones_fiscales_periodo,TFP_00003,-7660.62
TES_00622,BANK_0002,2023-11-15,PAGO_IMPUESTO,tax_posiciones_fiscales_periodo,TFP_00004,-7624.92
TES_00623,BANK_0002,2023-12-15,PAGO_IMPUESTO,tax_posiciones_fiscales_periodo,TFP_00005,-7982.33
TES_00624,BANK_0002,2024-01-15,PAGO_IMPUESTO,tax_posiciones_fiscales_periodo,TFP_00006,-8052.95
TES_00625,BANK_0002,2024-02-15,PAGO_IMPUESTO,tax_posiciones_fiscales_periodo,TFP_00007,-16589.32
TES_00626,BANK_0002,2024-03-15,PAGO_IMPUESTO,tax_posiciones_fiscales_periodo,TFP_00008,-18395.93
TES_00627,BANK_0002,2024-04-15,PAGO_IMPUESTO,tax_posiciones_fiscales_periodo,TFP_00009,-21705.08
TES_00628,BANK_0002,2024-05-15,PAGO_IMPUESTO,tax_posiciones_fiscales_periodo,TFP_00010,-22961.65
TES_00629,BANK_0002,2024-06-15,PAGO_IMPUESTO,tax_posiciones_fiscales_periodo,TFP_00011,-36459.35
TES_00630,BANK_0002,2024-07-15,PAGO_IMPUESTO,tax_posiciones_fiscales_periodo,TFP_00012,-93575.96
TES_00631,BANK_0002,2024-08-15,PAGO_IMPUESTO,tax_posiciones_fiscales_periodo,TFP_00013,-46900.58
TES_00632,BANK_0002,2024-09-15,PAGO_IMPUESTO,tax_posiciones_fiscales_periodo,TFP_00014,-65385.13
TES_00633,BANK_0002,2024-10-15,PAGO_IMPUESTO,tax_posiciones_fiscales_periodo,TFP_00015,-38521.82
TES_00634,BANK_0002,2024-11-15,PAGO_IMPUESTO,tax_posiciones_fiscales_periodo,TFP_00016,-7583.43
TES_00635,BANK_0002,2024-12-15,PAGO_IMPUESTO,tax_posiciones_fiscales_periodo,TFP_00017,-8004.6
TES_00636,BANK_0002,2025-01-15,PAGO_IMPUESTO,tax_posiciones_fiscales_periodo,TFP_00018,-8108.53
TES_00637,BANK_0002,2025-02-15,PAGO_IMPUESTO,tax_posiciones_fiscales_periodo,TFP_00019,-61026.37
TES_00638,BANK_0002,2025-03-15,PAGO_IMPUESTO,tax_posiciones_fiscales_periodo,TFP_00020,-7676.88
TES_00639,BANK_0002,2025-04-15,PAGO_IMPUESTO,tax_posiciones_fiscales_periodo,TFP_00021,-7637.06
TES_00640,BANK_0002,2025-05-15,PAGO_IMPUESTO,tax_posiciones_fiscales_periodo,TFP_00022,-31646.64
TES_00641,BANK_0002,2025-06-15,PAGO_IMPUESTO,tax_posiciones_fiscales_periodo,TFP_00023,-59468.92
TES_00642,BANK_0002,2025-07-15,PAGO_IMPUESTO,tax_posiciones_fiscales_periodo,TFP_00024,-123949.71
TES_00643,BANK_0002,2025-08-15,PAGO_IMPUESTO,tax_posiciones_fiscales_periodo,TFP_00025,-78545.58
TES_00644,BANK_0002,2025-09-15,PAGO_IMPUESTO,tax_posiciones_fiscales_periodo,TFP_00026,-45026.35
TES_00645,BANK_0002,2025-10-15,PAGO_IMPUESTO,tax_posiciones_fiscales_periodo,TFP_00027,-67450.73
TES_00646,BANK_0002,2025-11-15,PAGO_IMPUESTO,tax_posiciones_fiscales_periodo,TFP_00028,-20900.04
TES_00647,BANK_0002,2025-12-15,PAGO_IMPUESTO,tax_posiciones_fiscales_periodo,TFP_00029,-8090.76
TES_00648,BANK_0002,2026-01-15,PAGO_IMPUESTO,tax_posiciones_fiscales_periodo,TFP_00030,-8033.66
