orden_trabajo_det_id,orden_trabajo_id,producto_id,quantity,unit_cost,total_cost
MOTD_00001,MOT_00001,PROD_0013,1,15.0,15.0
MOTD_00002,MOT_00001,PROD_0015,1,26.0,26.0
MOTD_00003,MOT_00002,PROD_0013,1,15.0,15.0
MOTD_00004,MOT_00002,PROD_0015,1,26.0,26.0
MOTD_00005,MOT_00003,PROD_0013,1,15.0,15.0
MOTD_00006,MOT_00003,PROD_0015,1,26.0,26.0
MOTD_00007,MOT_00004,PROD_0013,1,15.0,15.0
MOTD_00008,MOT_00004,PROD_0015,1,26.0,26.0
MOTD_00009,MOT_00005,PROD_0013,1,15.0,15.0
MOTD_00010,MOT_00005,PROD_0015,1,26.0,26.0
MOTD_00011,MOT_00006,PROD_0013,1,15.0,15.0
MOTD_00012,MOT_00006,PROD_0015,1,26.0,26.0
MOTD_00013,MOT_00007,PROD_0013,1,15.0,15.0
MOTD_00014,MOT_00007,PROD_0015,1,26.0,26.0
MOTD_00015,MOT_00008,PROD_0013,1,15.0,15.0
MOTD_00016,MOT_00008,PROD_0015,1,26.0,26.0
MOTD_00017,MOT_00009,PROD_0013,1,15.0,15.0
MOTD_00018,MOT_00009,PROD_0015,1,26.0,26.0
MOTD_00019,MOT_00010,PROD_0013,1,15.0,15.0
MOTD_00020,MOT_00010,PROD_0015,1,26.0,26.0
MOTD_00021,MOT_00011,PROD_0013,1,15.0,15.0
MOTD_00022,MOT_00011,PROD_0015,1,26.0,26.0
MOTD_00023,MOT_00012,PROD_0013,1,15.0,15.0
MOTD_00024,MOT_00012,PROD_0015,1,26.0,26.0
MOTD_00025,MOT_00013,PROD_0013,1,15.0,15.0
MOTD_00026,MOT_00013,PROD_0015,1,26.0,26.0
MOTD_00027,MOT_00014,PROD_0013,1,15.0,15.0
MOTD_00028,MOT_00014,PROD_0015,1,26.0,26.0
MOTD_00029,MOT_00015,PROD_0013,1,15.0,15.0
MOTD_00030,MOT_00015,PROD_0015,1,26.0,26.0
MOTD_00031,MOT_00016,PROD_0013,1,15.0,15.0
MOTD_00032,MOT_00016,PROD_0015,1,26.0,26.0
MOTD_00033,MOT_00017,PROD_0013,1,15.0,15.0
MOTD_00034,MOT_00017,PROD_0015,1,26.0,26.0
MOTD_00035,MOT_00018,PROD_0013,1,15.0,15.0
MOTD_00036,MOT_00018,PROD_0015,1,26.0,26.0
MOTD_00037,MOT_00019,PROD_0013,1,15.0,15.0
MOTD_00038,MOT_00019,PROD_0015,1,26.0,26.0
MOTD_00039,MOT_00020,PROD_0013,1,15.0,15.0
MOTD_00040,MOT_00020,PROD_0015,1,26.0,26.0
MOTD_00041,MOT_00021,PROD_0013,1,15.0,15.0
MOTD_00042,MOT_00021,PROD_0015,1,26.0,26.0
MOTD_00043,MOT_00022,PROD_0013,1,15.0,15.0
MOTD_00044,MOT_00022,PROD_0015,1,26.0,26.0
MOTD_00045,MOT_00023,PROD_0013,1,15.0,15.0
MOTD_00046,MOT_00023,PROD_0015,1,26.0,26.0
MOTD_00047,MOT_00024,PROD_0013,1,15.0,15.0
MOTD_00048,MOT_00024,PROD_0015,1,26.0,26.0
MOTD_00049,MOT_00025,PROD_0013,1,15.0,15.0
MOTD_00050,MOT_00025,PROD_0015,1,26.0,26.0
MOTD_00051,MOT_00026,PROD_0013,1,15.0,15.0
MOTD_00052,MOT_00026,PROD_0015,1,26.0,26.0
MOTD_00053,MOT_00027,PROD_0013,1,15.0,15.0
MOTD_00054,MOT_00027,PROD_0015,1,26.0,26.0
MOTD_00055,MOT_00028,PROD_0013,1,15.0,15.0
MOTD_00056,MOT_00028,PROD_0015,1,26.0,26.0
MOTD_00057,MOT_00029,PROD_0013,1,15.0,15.0
MOTD_00058,MOT_00029,PROD_0015,1,26.0,26.0
MOTD_00059,MOT_00030,PROD_0013,1,15.0,15.0
MOTD_00060,MOT_00030,PROD_0015,1,26.0,26.0
MOTD_00061,MOT_00031,PROD_0014,1,42.0,42.0
MOTD_00062,MOT_00031,PROD_0015,1,26.0,26.0
MOTD_00063,MOT_00032,PROD_0013,1,15.0,15.0
MOTD_00064,MOT_00032,PROD_0015,1,26.0,26.0
MOTD_00065,MOT_00033,PROD_0013,1,15.0,15.0
MOTD_00066,MOT_00033,PROD_0015,1,26.0,26.0
MOTD_00067,MOT_00034,PROD_0013,1,15.0,15.0
MOTD_00068,MOT_00034,PROD_0015,1,26.0,26.0
MOTD_00069,MOT_00035,PROD_0013,1,15.0,15.0
MOTD_00070,MOT_00035,PROD_0015,1,26.0,26.0
MOTD_00071,MOT_00036,PROD_0013,1,15.0,15.0
MOTD_00072,MOT_00036,PROD_0015,1,26.0,26.0
MOTD_00073,MOT_00037,PROD_0013,1,15.0,15.0
MOTD_00074,MOT_00037,PROD_0015,1,26.0,26.0
MOTD_00075,MOT_00038,PROD_0013,1,15.0,15.0
MOTD_00076,MOT_00038,PROD_0015,1,26.0,26.0
MOTD_00077,MOT_00039,PROD_0013,1,15.0,15.0
MOTD_00078,MOT_00039,PROD_0015,1,26.0,26.0
MOTD_00079,MOT_00040,PROD_0013,1,15.0,15.0
MOTD_00080,MOT_00040,PROD_0015,1,26.0,26.0
MOTD_00081,MOT_00041,PROD_0013,1,15.0,15.0
MOTD_00082,MOT_00041,PROD_0015,1,26.0,26.0
MOTD_00083,MOT_00042,PROD_0013,1,15.0,15.0
MOTD_00084,MOT_00042,PROD_0015,1,26.0,26.0
MOTD_00085,MOT_00043,PROD_0013,1,15.0,15.0
MOTD_00086,MOT_00043,PROD_0015,1,26.0,26.0
MOTD_00087,MOT_00044,PROD_0013,1,15.0,15.0
MOTD_00088,MOT_00044,PROD_0015,1,26.0,26.0
MOTD_00089,MOT_00045,PROD_0013,1,15.0,15.0
MOTD_00090,MOT_00045,PROD_0015,1,26.0,26.0
MOTD_00091,MOT_00046,PROD_0013,1,15.0,15.0
MOTD_00092,MOT_00046,PROD_0015,1,26.0,26.0
MOTD_00093,MOT_00047,PROD_0013,1,15.0,15.0
MOTD_00094,MOT_00047,PROD_0015,1,26.0,26.0
MOTD_00095,MOT_00048,PROD_0013,1,15.0,15.0
MOTD_00096,MOT_00048,PROD_0015,1,26.0,26.0
MOTD_00097,MOT_00049,PROD_0013,1,15.0,15.0
MOTD_00098,MOT_00049,PROD_0015,1,26.0,26.0
MOTD_00099,MOT_00050,PROD_0013,1,15.0,15.0
MOTD_00100,MOT_00050,PROD_0015,1,26.0,26.0
MOTD_00101,MOT_00051,PROD_0013,1,15.0,15.0
MOTD_00102,MOT_00051,PROD_0015,1,26.0,26.0
MOTD_00103,MOT_00052,PROD_0013,1,15.0,15.0
MOTD_00104,MOT_00052,PROD_0015,1,26.0,26.0
MOTD_00105,MOT_00053,PROD_0013,1,15.0,15.0
MOTD_00106,MOT_00053,PROD_0015,1,26.0,26.0
MOTD_00107,MOT_00054,PROD_0013,1,15.0,15.0
MOTD_00108,MOT_00054,PROD_0015,1,26.0,26.0
MOTD_00109,MOT_00055,PROD_0013,1,15.0,15.0
MOTD_00110,MOT_00055,PROD_0015,1,26.0,26.0
MOTD_00111,MOT_00056,PROD_0013,1,15.0,15.0
MOTD_00112,MOT_00056,PROD_0015,1,26.0,26.0
MOTD_00113,MOT_00057,PROD_0013,1,15.0,15.0
MOTD_00114,MOT_00057,PROD_0015,1,26.0,26.0
MOTD_00115,MOT_00058,PROD_0013,1,15.0,15.0
MOTD_00116,MOT_00058,PROD_0015,1,26.0,26.0
MOTD_00117,MOT_00059,PROD_0013,1,15.0,15.0
MOTD_00118,MOT_00059,PROD_0015,1,26.0,26.0
MOTD_00119,MOT_00060,PROD_0013,1,15.0,15.0
MOTD_00120,MOT_00060,PROD_0015,1,26.0,26.0
MOTD_00121,MOT_00061,PROD_0013,1,15.0,15.0
MOTD_00122,MOT_00061,PROD_0015,1,26.0,26.0
MOTD_00123,MOT_00062,PROD_0014,1,42.0,42.0
MOTD_00124,MOT_00062,PROD_0015,1,26.0,26.0
MOTD_00125,MOT_00063,PROD_0014,2,42.0,84.0
MOTD_00126,MOT_00063,PROD_0015,1,26.0,26.0
MOTD_00127,MOT_00064,PROD_0013,1,15.0,15.0
MOTD_00128,MOT_00064,PROD_0015,1,26.0,26.0
MOTD_00129,MOT_00065,PROD_0013,1,15.0,15.0
MOTD_00130,MOT_00065,PROD_0015,1,26.0,26.0
MOTD_00131,MOT_00066,PROD_0013,1,15.0,15.0
MOTD_00132,MOT_00066,PROD_0015,1,26.0,26.0
MOTD_00133,MOT_00067,PROD_0013,1,15.0,15.0
MOTD_00134,MOT_00067,PROD_0015,1,26.0,26.0
MOTD_00135,MOT_00068,PROD_0013,1,15.0,15.0
MOTD_00136,MOT_00068,PROD_0015,1,26.0,26.0
MOTD_00137,MOT_00069,PROD_0013,1,15.0,15.0
MOTD_00138,MOT_00069,PROD_0015,1,26.0,26.0
MOTD_00139,MOT_00070,PROD_0013,1,15.0,15.0
MOTD_00140,MOT_00070,PROD_0015,1,26.0,26.0
MOTD_00141,MOT_00071,PROD_0013,1,15.0,15.0
MOTD_00142,MOT_00071,PROD_0015,1,26.0,26.0
MOTD_00143,MOT_00072,PROD_0013,1,15.0,15.0
MOTD_00144,MOT_00072,PROD_0015,1,26.0,26.0
MOTD_00145,MOT_00073,PROD_0013,1,15.0,15.0
MOTD_00146,MOT_00073,PROD_0015,1,26.0,26.0
MOTD_00147,MOT_00074,PROD_0013,1,15.0,15.0
MOTD_00148,MOT_00074,PROD_0015,1,26.0,26.0
MOTD_00149,MOT_00075,PROD_0013,1,15.0,15.0
MOTD_00150,MOT_00075,PROD_0015,1,26.0,26.0
MOTD_00151,MOT_00076,PROD_0013,1,15.0,15.0
MOTD_00152,MOT_00076,PROD_0015,1,26.0,26.0
MOTD_00153,MOT_00077,PROD_0013,1,15.0,15.0
MOTD_00154,MOT_00077,PROD_0015,1,26.0,26.0
MOTD_00155,MOT_00078,PROD_0013,1,15.0,15.0
MOTD_00156,MOT_00078,PROD_0015,1,26.0,26.0
MOTD_00157,MOT_00079,PROD_0013,1,15.0,15.0
MOTD_00158,MOT_00079,PROD_0015,1,26.0,26.0
MOTD_00159,MOT_00080,PROD_0013,1,15.0,15.0
MOTD_00160,MOT_00080,PROD_0015,1,26.0,26.0
MOTD_00161,MOT_00081,PROD_0013,1,15.0,15.0
MOTD_00162,MOT_00081,PROD_0015,1,26.0,26.0
MOTD_00163,MOT_00082,PROD_0013,1,15.0,15.0
MOTD_00164,MOT_00082,PROD_0015,1,26.0,26.0
MOTD_00165,MOT_00083,PROD_0013,1,15.0,15.0
MOTD_00166,MOT_00083,PROD_0015,1,26.0,26.0
MOTD_00167,MOT_00084,PROD_0013,1,15.0,15.0
MOTD_00168,MOT_00084,PROD_0015,1,26.0,26.0
MOTD_00169,MOT_00085,PROD_0013,1,15.0,15.0
MOTD_00170,MOT_00085,PROD_0015,1,26.0,26.0
MOTD_00171,MOT_00086,PROD_0013,1,15.0,15.0
MOTD_00172,MOT_00086,PROD_0015,1,26.0,26.0
MOTD_00173,MOT_00087,PROD_0013,1,15.0,15.0
MOTD_00174,MOT_00087,PROD_0015,1,26.0,26.0
MOTD_00175,MOT_00088,PROD_0013,1,15.0,15.0
MOTD_00176,MOT_00088,PROD_0015,1,26.0,26.0
MOTD_00177,MOT_00089,PROD_0013,1,15.0,15.0
MOTD_00178,MOT_00089,PROD_0015,1,26.0,26.0
MOTD_00179,MOT_00090,PROD_0013,1,15.0,15.0
MOTD_00180,MOT_00090,PROD_0015,1,26.0,26.0
MOTD_00181,MOT_00091,PROD_0013,1,15.0,15.0
MOTD_00182,MOT_00091,PROD_0015,1,26.0,26.0
MOTD_00183,MOT_00092,PROD_0013,1,15.0,15.0
MOTD_00184,MOT_00092,PROD_0015,1,26.0,26.0
MOTD_00185,MOT_00093,PROD_0013,1,15.0,15.0
MOTD_00186,MOT_00093,PROD_0015,1,26.0,26.0
MOTD_00187,MOT_00094,PROD_0014,2,42.0,84.0
MOTD_00188,MOT_00094,PROD_0015,1,26.0,26.0
MOTD_00189,MOT_00095,PROD_0013,1,15.0,15.0
MOTD_00190,MOT_00095,PROD_0015,1,26.0,26.0
MOTD_00191,MOT_00096,PROD_0013,1,15.0,15.0
MOTD_00192,MOT_00096,PROD_0015,1,26.0,26.0
MOTD_00193,MOT_00097,PROD_0013,1,15.0,15.0
MOTD_00194,MOT_00097,PROD_0015,1,26.0,26.0
MOTD_00195,MOT_00098,PROD_0013,1,15.0,15.0
MOTD_00196,MOT_00098,PROD_0015,1,26.0,26.0
MOTD_00197,MOT_00099,PROD_0013,1,15.0,15.0
MOTD_00198,MOT_00099,PROD_0015,1,26.0,26.0
MOTD_00199,MOT_00100,PROD_0013,1,15.0,15.0
MOTD_00200,MOT_00100,PROD_0015,1,26.0,26.0
MOTD_00201,MOT_00101,PROD_0013,1,15.0,15.0
MOTD_00202,MOT_00101,PROD_0015,1,26.0,26.0
MOTD_00203,MOT_00102,PROD_0013,1,15.0,15.0
MOTD_00204,MOT_00102,PROD_0015,1,26.0,26.0
MOTD_00205,MOT_00103,PROD_0013,1,15.0,15.0
MOTD_00206,MOT_00103,PROD_0015,1,26.0,26.0
MOTD_00207,MOT_00104,PROD_0013,1,15.0,15.0
MOTD_00208,MOT_00104,PROD_0015,1,26.0,26.0
MOTD_00209,MOT_00105,PROD_0013,1,15.0,15.0
MOTD_00210,MOT_00105,PROD_0015,1,26.0,26.0
MOTD_00211,MOT_00106,PROD_0013,1,15.0,15.0
MOTD_00212,MOT_00106,PROD_0015,1,26.0,26.0
MOTD_00213,MOT_00107,PROD_0013,1,15.0,15.0
MOTD_00214,MOT_00107,PROD_0015,1,26.0,26.0
MOTD_00215,MOT_00108,PROD_0013,1,15.0,15.0
MOTD_00216,MOT_00108,PROD_0015,1,26.0,26.0
MOTD_00217,MOT_00109,PROD_0013,1,15.0,15.0
MOTD_00218,MOT_00109,PROD_0015,1,26.0,26.0
MOTD_00219,MOT_00110,PROD_0013,1,15.0,15.0
MOTD_00220,MOT_00110,PROD_0015,1,26.0,26.0
MOTD_00221,MOT_00111,PROD_0013,1,15.0,15.0
MOTD_00222,MOT_00111,PROD_0015,1,26.0,26.0
MOTD_00223,MOT_00112,PROD_0013,1,15.0,15.0
MOTD_00224,MOT_00112,PROD_0015,1,26.0,26.0
MOTD_00225,MOT_00113,PROD_0013,1,15.0,15.0
MOTD_00226,MOT_00113,PROD_0015,1,26.0,26.0
MOTD_00227,MOT_00114,PROD_0013,1,15.0,15.0
MOTD_00228,MOT_00114,PROD_0015,1,26.0,26.0
MOTD_00229,MOT_00115,PROD_0013,1,15.0,15.0
MOTD_00230,MOT_00115,PROD_0015,1,26.0,26.0
MOTD_00231,MOT_00116,PROD_0013,1,15.0,15.0
MOTD_00232,MOT_00116,PROD_0015,1,26.0,26.0
MOTD_00233,MOT_00117,PROD_0013,1,15.0,15.0
MOTD_00234,MOT_00117,PROD_0015,1,26.0,26.0
MOTD_00235,MOT_00118,PROD_0013,1,15.0,15.0
MOTD_00236,MOT_00118,PROD_0015,1,26.0,26.0
MOTD_00237,MOT_00119,PROD_0013,1,15.0,15.0
MOTD_00238,MOT_00119,PROD_0015,1,26.0,26.0
MOTD_00239,MOT_00120,PROD_0013,1,15.0,15.0
MOTD_00240,MOT_00120,PROD_0015,1,26.0,26.0
MOTD_00241,MOT_00121,PROD_0013,1,15.0,15.0
MOTD_00242,MOT_00121,PROD_0015,1,26.0,26.0
MOTD_00243,MOT_00122,PROD_0013,1,15.0,15.0
MOTD_00244,MOT_00122,PROD_0015,1,26.0,26.0
MOTD_00245,MOT_00123,PROD_0013,1,15.0,15.0
MOTD_00246,MOT_00123,PROD_0015,1,26.0,26.0
MOTD_00247,MOT_00124,PROD_0013,1,15.0,15.0
MOTD_00248,MOT_00124,PROD_0015,1,26.0,26.0
MOTD_00249,MOT_00125,PROD_0014,2,42.0,84.0
MOTD_00250,MOT_00125,PROD_0015,1,26.0,26.0
MOTD_00251,MOT_00126,PROD_0013,1,15.0,15.0
MOTD_00252,MOT_00126,PROD_0015,1,26.0,26.0
MOTD_00253,MOT_00127,PROD_0013,1,15.0,15.0
MOTD_00254,MOT_00127,PROD_0015,1,26.0,26.0
MOTD_00255,MOT_00128,PROD_0013,1,15.0,15.0
MOTD_00256,MOT_00128,PROD_0015,1,26.0,26.0
MOTD_00257,MOT_00129,PROD_0013,1,15.0,15.0
MOTD_00258,MOT_00129,PROD_0015,1,26.0,26.0
MOTD_00259,MOT_00130,PROD_0013,1,15.0,15.0
MOTD_00260,MOT_00130,PROD_0015,1,26.0,26.0
MOTD_00261,MOT_00131,PROD_0013,1,15.0,15.0
MOTD_00262,MOT_00131,PROD_0015,1,26.0,26.0
MOTD_00263,MOT_00132,PROD_0013,1,15.0,15.0
MOTD_00264,MOT_00132,PROD_0015,1,26.0,26.0
MOTD_00265,MOT_00133,PROD_0013,1,15.0,15.0
MOTD_00266,MOT_00133,PROD_0015,1,26.0,26.0
MOTD_00267,MOT_00134,PROD_0013,1,15.0,15.0
MOTD_00268,MOT_00134,PROD_0015,1,26.0,26.0
MOTD_00269,MOT_00135,PROD_0013,1,15.0,15.0
MOTD_00270,MOT_00135,PROD_0015,1,26.0,26.0
MOTD_00271,MOT_00136,PROD_0013,1,15.0,15.0
MOTD_00272,MOT_00136,PROD_0015,1,26.0,26.0
MOTD_00273,MOT_00137,PROD_0013,1,15.0,15.0
MOTD_00274,MOT_00137,PROD_0015,1,26.0,26.0
MOTD_00275,MOT_00138,PROD_0013,1,15.0,15.0
MOTD_00276,MOT_00138,PROD_0015,1,26.0,26.0
MOTD_00277,MOT_00139,PROD_0013,1,15.0,15.0
MOTD_00278,MOT_00139,PROD_0015,1,26.0,26.0
MOTD_00279,MOT_00140,PROD_0013,1,15.0,15.0
MOTD_00280,MOT_00140,PROD_0015,1,26.0,26.0
MOTD_00281,MOT_00141,PROD_0013,1,15.0,15.0
MOTD_00282,MOT_00141,PROD_0015,1,26.0,26.0
MOTD_00283,MOT_00142,PROD_0013,1,15.0,15.0
MOTD_00284,MOT_00142,PROD_0015,1,26.0,26.0
MOTD_00285,MOT_00143,PROD_0013,1,15.0,15.0
MOTD_00286,MOT_00143,PROD_0015,1,26.0,26.0
MOTD_00287,MOT_00144,PROD_0013,1,15.0,15.0
MOTD_00288,MOT_00144,PROD_0015,1,26.0,26.0
MOTD_00289,MOT_00145,PROD_0013,1,15.0,15.0
MOTD_00290,MOT_00145,PROD_0015,1,26.0,26.0
MOTD_00291,MOT_00146,PROD_0013,1,15.0,15.0
MOTD_00292,MOT_00146,PROD_0015,1,26.0,26.0
MOTD_00293,MOT_00147,PROD_0013,1,15.0,15.0
MOTD_00294,MOT_00147,PROD_0015,1,26.0,26.0
MOTD_00295,MOT_00148,PROD_0013,1,15.0,15.0
MOTD_00296,MOT_00148,PROD_0015,1,26.0,26.0
MOTD_00297,MOT_00149,PROD_0013,1,15.0,15.0
MOTD_00298,MOT_00149,PROD_0015,1,26.0,26.0
MOTD_00299,MOT_00150,PROD_0013,1,15.0,15.0
MOTD_00300,MOT_00150,PROD_0015,1,26.0,26.0
MOTD_00301,MOT_00151,PROD_0013,1,15.0,15.0
MOTD_00302,MOT_00151,PROD_0015,1,26.0,26.0
MOTD_00303,MOT_00152,PROD_0013,1,15.0,15.0
MOTD_00304,MOT_00152,PROD_0015,1,26.0,26.0
MOTD_00305,MOT_00153,PROD_0013,1,15.0,15.0
MOTD_00306,MOT_00153,PROD_0015,1,26.0,26.0
MOTD_00307,MOT_00154,PROD_0013,1,15.0,15.0
MOTD_00308,MOT_00154,PROD_0015,1,26.0,26.0
MOTD_00309,MOT_00155,PROD_0013,1,15.0,15.0
MOTD_00310,MOT_00155,PROD_0015,1,26.0,26.0
MOTD_00311,MOT_00156,PROD_0014,1,42.0,42.0
MOTD_00312,MOT_00156,PROD_0015,1,26.0,26.0
MOTD_00313,MOT_00157,PROD_0013,1,15.0,15.0
MOTD_00314,MOT_00157,PROD_0015,1,26.0,26.0
MOTD_00315,MOT_00158,PROD_0013,1,15.0,15.0
MOTD_00316,MOT_00158,PROD_0015,1,26.0,26.0
MOTD_00317,MOT_00159,PROD_0013,1,15.0,15.0
MOTD_00318,MOT_00159,PROD_0015,1,26.0,26.0
MOTD_00319,MOT_00160,PROD_0013,1,15.0,15.0
MOTD_00320,MOT_00160,PROD_0015,1,26.0,26.0
MOTD_00321,MOT_00161,PROD_0013,1,15.0,15.0
MOTD_00322,MOT_00161,PROD_0015,1,26.0,26.0
MOTD_00323,MOT_00162,PROD_0013,1,15.0,15.0
MOTD_00324,MOT_00162,PROD_0015,1,26.0,26.0
MOTD_00325,MOT_00163,PROD_0013,1,15.0,15.0
MOTD_00326,MOT_00163,PROD_0015,1,26.0,26.0
MOTD_00327,MOT_00164,PROD_0013,1,15.0,15.0
MOTD_00328,MOT_00164,PROD_0015,1,26.0,26.0
MOTD_00329,MOT_00165,PROD_0013,1,15.0,15.0
MOTD_00330,MOT_00165,PROD_0015,1,26.0,26.0
MOTD_00331,MOT_00166,PROD_0013,1,15.0,15.0
MOTD_00332,MOT_00166,PROD_0015,1,26.0,26.0
MOTD_00333,MOT_00167,PROD_0013,1,15.0,15.0
MOTD_00334,MOT_00167,PROD_0015,1,26.0,26.0
MOTD_00335,MOT_00168,PROD_0013,1,15.0,15.0
MOTD_00336,MOT_00168,PROD_0015,1,26.0,26.0
MOTD_00337,MOT_00169,PROD_0013,1,15.0,15.0
MOTD_00338,MOT_00169,PROD_0015,1,26.0,26.0
MOTD_00339,MOT_00170,PROD_0013,1,15.0,15.0
MOTD_00340,MOT_00170,PROD_0015,1,26.0,26.0
MOTD_00341,MOT_00171,PROD_0013,1,15.0,15.0
MOTD_00342,MOT_00171,PROD_0015,1,26.0,26.0
MOTD_00343,MOT_00172,PROD_0014,2,42.0,84.0
MOTD_00344,MOT_00172,PROD_0015,2,26.0,52.0
MOTD_00345,MOT_00173,PROD_0014,2,42.0,84.0
MOTD_00346,MOT_00173,PROD_0015,2,26.0,52.0
MOTD_00347,MOT_00174,PROD_0014,2,42.0,84.0
MOTD_00348,MOT_00174,PROD_0015,2,26.0,52.0
MOTD_00349,MOT_00175,PROD_0013,1,15.0,15.0
MOTD_00350,MOT_00175,PROD_0015,1,26.0,26.0
MOTD_00351,MOT_00176,PROD_0013,1,15.0,15.0
MOTD_00352,MOT_00176,PROD_0015,1,26.0,26.0
MOTD_00353,MOT_00177,PROD_0013,1,15.0,15.0
MOTD_00354,MOT_00177,PROD_0015,1,26.0,26.0
MOTD_00355,MOT_00178,PROD_0013,1,15.0,15.0
MOTD_00356,MOT_00178,PROD_0015,1,26.0,26.0
MOTD_00357,MOT_00179,PROD_0013,1,15.0,15.0
MOTD_00358,MOT_00179,PROD_0015,1,26.0,26.0
MOTD_00359,MOT_00180,PROD_0013,1,15.0,15.0
MOTD_00360,MOT_00180,PROD_0015,1,26.0,26.0
MOTD_00361,MOT_00181,PROD_0013,1,15.0,15.0
MOTD_00362,MOT_00181,PROD_0015,1,26.0,26.0
MOTD_00363,MOT_00182,PROD_0013,1,15.0,15.0
MOTD_00364,MOT_00182,PROD_0015,1,26.0,26.0
MOTD_00365,MOT_00183,PROD_0013,1,15.0,15.0
MOTD_00366,MOT_00183,PROD_0015,1,26.0,26.0
MOTD_00367,MOT_00184,PROD_0013,1,15.0,15.0
MOTD_00368,MOT_00184,PROD_0015,1,26.0,26.0
MOTD_00369,MOT_00185,PROD_0013,1,15.0,15.0
MOTD_00370,MOT_00185,PROD_0015,1,26.0,26.0
MOTD_00371,MOT_00186,PROD_0013,1,15.0,15.0
MOTD_00372,MOT_00186,PROD_0015,1,26.0,26.0
MOTD_00373,MOT_00187,PROD_0013,1,15.0,15.0
MOTD_00374,MOT_00187,PROD_0015,1,26.0,26.0
MOTD_00375,MOT_00188,PROD_0013,1,15.0,15.0
MOTD_00376,MOT_00188,PROD_0015,1,26.0,26.0
MOTD_00377,MOT_00189,PROD_0013,1,15.0,15.0
MOTD_00378,MOT_00189,PROD_0015,1,26.0,26.0
MOTD_00379,MOT_00190,PROD_0013,1,15.0,15.0
MOTD_00380,MOT_00190,PROD_0015,1,26.0,26.0
MOTD_00381,MOT_00191,PROD_0013,1,15.0,15.0
MOTD_00382,MOT_00191,PROD_0015,1,26.0,26.0
MOTD_00383,MOT_00192,PROD_0013,1,15.0,15.0
MOTD_00384,MOT_00192,PROD_0015,1,26.0,26.0
MOTD_00385,MOT_00193,PROD_0013,1,15.0,15.0
MOTD_00386,MOT_00193,PROD_0015,1,26.0,26.0
MOTD_00387,MOT_00194,PROD_0013,1,15.0,15.0
MOTD_00388,MOT_00194,PROD_0015,1,26.0,26.0
MOTD_00389,MOT_00195,PROD_0013,1,15.0,15.0
MOTD_00390,MOT_00195,PROD_0015,1,26.0,26.0
MOTD_00391,MOT_00196,PROD_0013,1,15.0,15.0
MOTD_00392,MOT_00196,PROD_0015,1,26.0,26.0
MOTD_00393,MOT_00197,PROD_0013,1,15.0,15.0
MOTD_00394,MOT_00197,PROD_0015,1,26.0,26.0
MOTD_00395,MOT_00198,PROD_0013,1,15.0,15.0
MOTD_00396,MOT_00198,PROD_0015,1,26.0,26.0
MOTD_00397,MOT_00199,PROD_0013,1,15.0,15.0
MOTD_00398,MOT_00199,PROD_0015,1,26.0,26.0
MOTD_00399,MOT_00200,PROD_0013,1,15.0,15.0
MOTD_00400,MOT_00200,PROD_0015,1,26.0,26.0
MOTD_00401,MOT_00201,PROD_0013,1,15.0,15.0
MOTD_00402,MOT_00201,PROD_0015,1,26.0,26.0
MOTD_00403,MOT_00202,PROD_0013,1,15.0,15.0
MOTD_00404,MOT_00202,PROD_0015,1,26.0,26.0
MOTD_00405,MOT_00203,PROD_0013,1,15.0,15.0
MOTD_00406,MOT_00203,PROD_0015,1,26.0,26.0
MOTD_00407,MOT_00204,PROD_0013,1,15.0,15.0
MOTD_00408,MOT_00204,PROD_0015,1,26.0,26.0
MOTD_00409,MOT_00205,PROD_0014,1,42.0,42.0
MOTD_00410,MOT_00205,PROD_0015,1,26.0,26.0
MOTD_00411,MOT_00206,PROD_0013,1,15.0,15.0
MOTD_00412,MOT_00206,PROD_0015,1,26.0,26.0
MOTD_00413,MOT_00207,PROD_0013,1,15.0,15.0
MOTD_00414,MOT_00207,PROD_0015,1,26.0,26.0
MOTD_00415,MOT_00208,PROD_0013,1,15.0,15.0
MOTD_00416,MOT_00208,PROD_0015,1,26.0,26.0
MOTD_00417,MOT_00209,PROD_0013,1,15.0,15.0
MOTD_00418,MOT_00209,PROD_0015,1,26.0,26.0
MOTD_00419,MOT_00210,PROD_0013,1,15.0,15.0
MOTD_00420,MOT_00210,PROD_0015,1,26.0,26.0
MOTD_00421,MOT_00211,PROD_0013,1,15.0,15.0
MOTD_00422,MOT_00211,PROD_0015,1,26.0,26.0
MOTD_00423,MOT_00212,PROD_0013,1,15.0,15.0
MOTD_00424,MOT_00212,PROD_0015,1,26.0,26.0
MOTD_00425,MOT_00213,PROD_0013,1,15.0,15.0
MOTD_00426,MOT_00213,PROD_0015,1,26.0,26.0
MOTD_00427,MOT_00214,PROD_0013,1,15.0,15.0
MOTD_00428,MOT_00214,PROD_0015,1,26.0,26.0
MOTD_00429,MOT_00215,PROD_0013,1,15.0,15.0
MOTD_00430,MOT_00215,PROD_0015,1,26.0,26.0
MOTD_00431,MOT_00216,PROD_0013,1,15.0,15.0
MOTD_00432,MOT_00216,PROD_0015,1,26.0,26.0
MOTD_00433,MOT_00217,PROD_0013,1,15.0,15.0
MOTD_00434,MOT_00217,PROD_0015,1,26.0,26.0
MOTD_00435,MOT_00218,PROD_0013,1,15.0,15.0
MOTD_00436,MOT_00218,PROD_0015,1,26.0,26.0
MOTD_00437,MOT_00219,PROD_0013,1,15.0,15.0
MOTD_00438,MOT_00219,PROD_0015,1,26.0,26.0
MOTD_00439,MOT_00220,PROD_0013,1,15.0,15.0
MOTD_00440,MOT_00220,PROD_0015,1,26.0,26.0
MOTD_00441,MOT_00221,PROD_0013,1,15.0,15.0
MOTD_00442,MOT_00221,PROD_0015,1,26.0,26.0
MOTD_00443,MOT_00222,PROD_0013,1,15.0,15.0
MOTD_00444,MOT_00222,PROD_0015,1,26.0,26.0
MOTD_00445,MOT_00223,PROD_0013,1,15.0,15.0
MOTD_00446,MOT_00223,PROD_0015,1,26.0,26.0
MOTD_00447,MOT_00224,PROD_0013,1,15.0,15.0
MOTD_00448,MOT_00224,PROD_0015,1,26.0,26.0
MOTD_00449,MOT_00225,PROD_0013,1,15.0,15.0
MOTD_00450,MOT_00225,PROD_0015,1,26.0,26.0
MOTD_00451,MOT_00226,PROD_0013,1,15.0,15.0
MOTD_00452,MOT_00226,PROD_0015,1,26.0,26.0
MOTD_00453,MOT_00227,PROD_0013,1,15.0,15.0
MOTD_00454,MOT_00227,PROD_0015,1,26.0,26.0
MOTD_00455,MOT_00228,PROD_0013,1,15.0,15.0
MOTD_00456,MOT_00228,PROD_0015,1,26.0,26.0
MOTD_00457,MOT_00229,PROD_0013,1,15.0,15.0
MOTD_00458,MOT_00229,PROD_0015,1,26.0,26.0
MOTD_00459,MOT_00230,PROD_0013,1,15.0,15.0
MOTD_00460,MOT_00230,PROD_0015,1,26.0,26.0
MOTD_00461,MOT_00231,PROD_0013,1,15.0,15.0
MOTD_00462,MOT_00231,PROD_0015,1,26.0,26.0
MOTD_00463,MOT_00232,PROD_0013,1,15.0,15.0
MOTD_00464,MOT_00232,PROD_0015,1,26.0,26.0
MOTD_00465,MOT_00233,PROD_0013,1,15.0,15.0
MOTD_00466,MOT_00233,PROD_0015,1,26.0,26.0
MOTD_00467,MOT_00234,PROD_0013,1,15.0,15.0
MOTD_00468,MOT_00234,PROD_0015,1,26.0,26.0
MOTD_00469,MOT_00235,PROD_0013,1,15.0,15.0
MOTD_00470,MOT_00235,PROD_0015,1,26.0,26.0
MOTD_00471,MOT_00236,PROD_0014,2,42.0,84.0
MOTD_00472,MOT_00236,PROD_0015,2,26.0,52.0
MOTD_00473,MOT_00237,PROD_0014,2,42.0,84.0
MOTD_00474,MOT_00237,PROD_0015,1,26.0,26.0
MOTD_00475,MOT_00238,PROD_0014,1,42.0,42.0
MOTD_00476,MOT_00238,PROD_0015,2,26.0,52.0
